subject_type,subject_id,region_code,variable,value_num,value_txt,unit,quality,note
municipality,ABADIA,ES-EX,zar,1,,ja/nee,ind,"machinetranscriptie van Anexo I van Decreto 260/2014, NIET nagelopen tegen het origineel; de transcriptie sprak zichzelf tegen over de aantallen"
municipality,ABADIA,ES-EX,zar_zone,,JERTE-AMBROZ,,ind,"machinetranscriptie van Anexo I van Decreto 260/2014, NIET nagelopen tegen het origineel; de transcriptie sprak zichzelf tegen over de aantallen"
municipality,ACEBO,ES-EX,zar,1,,ja/nee,ind,"machinetranscriptie van Anexo I van Decreto 260/2014, NIET nagelopen tegen het origineel; de transcriptie sprak zichzelf tegen over de aantallen"
municipality,ACEBO,ES-EX,zar_zone,,SIERRA DE GATA,,ind,"machinetranscriptie van Anexo I van Decreto 260/2014, NIET nagelopen tegen het origineel; de transcriptie sprak zichzelf tegen over de aantallen"
municipality,ACEITUNA,ES-EX,zar,1,,ja/nee,ind,"machinetranscriptie van Anexo I van Decreto 260/2014, NIET nagelopen tegen het origineel; de transcriptie sprak zichzelf tegen over de aantallen"
municipality,ACEITUNA,ES-EX,zar_zone,,SIERRA DE GATA,,ind,"machinetranscriptie van Anexo I van Decreto 260/2014, NIET nagelopen tegen het origineel; de transcriptie sprak zichzelf tegen over de aantallen"
municipality,ALANGE,ES-EX,zar,1,,ja/nee,ind,"machinetranscriptie van Anexo I van Decreto 260/2014, NIET nagelopen tegen het origineel; de transcriptie sprak zichzelf tegen over de aantallen"
municipality,ALANGE,ES-EX,zar_zone,,SIERRAS CENTRALES DE BADAJOZ,,ind,"machinetranscriptie van Anexo I van Decreto 260/2014, NIET nagelopen tegen het origineel; de transcriptie sprak zichzelf tegen over de aantallen"
municipality,ALBURQUERQUE,ES-EX,zar,1,,ja/nee,ind,"machinetranscriptie van Anexo I van Decreto 260/2014, NIET nagelopen tegen het origineel; de transcriptie sprak zichzelf tegen over de aantallen"
municipality,ALBURQUERQUE,ES-EX,zar_zone,,SIERRA DE SAN PEDRO + VALENCIA DE ALCÁNTARA,,ind,"machinetranscriptie van Anexo I van Decreto 260/2014, NIET nagelopen tegen het origineel; de transcriptie sprak zichzelf tegen over de aantallen"
municipality,ALCUESCAR,ES-EX,zar,1,,ja/nee,ind,"machinetranscriptie van Anexo I van Decreto 260/2014, NIET nagelopen tegen het origineel; de transcriptie sprak zichzelf tegen over de aantallen"
municipality,ALCUESCAR,ES-EX,zar_zone,,SIERRA DE SAN PEDRO,,ind,"machinetranscriptie van Anexo I van Decreto 260/2014, NIET nagelopen tegen het origineel; de transcriptie sprak zichzelf tegen over de aantallen"
municipality,ALDEANUEVA DE LA VERA,ES-EX,zar,1,,ja/nee,ind,"machinetranscriptie van Anexo I van Decreto 260/2014, NIET nagelopen tegen het origineel; de transcriptie sprak zichzelf tegen over de aantallen"
municipality,ALDEANUEVA DE LA VERA,ES-EX,zar_zone,,VERA-TIETAR,,ind,"machinetranscriptie van Anexo I van Decreto 260/2014, NIET nagelopen tegen het origineel; de transcriptie sprak zichzelf tegen over de aantallen"
municipality,ALDEANUEVA DEL CAMINO,ES-EX,zar,1,,ja/nee,ind,"machinetranscriptie van Anexo I van Decreto 260/2014, NIET nagelopen tegen het origineel; de transcriptie sprak zichzelf tegen over de aantallen"
municipality,ALDEANUEVA DEL CAMINO,ES-EX,zar_zone,,JERTE-AMBROZ,,ind,"machinetranscriptie van Anexo I van Decreto 260/2014, NIET nagelopen tegen het origineel; de transcriptie sprak zichzelf tegen over de aantallen"
municipality,ALISEDA,ES-EX,zar,1,,ja/nee,ind,"machinetranscriptie van Anexo I van Decreto 260/2014, NIET nagelopen tegen het origineel; de transcriptie sprak zichzelf tegen over de aantallen"
municipality,ALISEDA,ES-EX,zar_zone,,SIERRA DE SAN PEDRO,,ind,"machinetranscriptie van Anexo I van Decreto 260/2014, NIET nagelopen tegen het origineel; de transcriptie sprak zichzelf tegen over de aantallen"
municipality,ALMARAZ,ES-EX,zar,1,,ja/nee,ind,"machinetranscriptie van Anexo I van Decreto 260/2014, NIET nagelopen tegen het origineel; de transcriptie sprak zichzelf tegen over de aantallen"
municipality,ALMARAZ,ES-EX,zar_zone,,IBORES,,ind,"machinetranscriptie van Anexo I van Decreto 260/2014, NIET nagelopen tegen het origineel; de transcriptie sprak zichzelf tegen over de aantallen"
municipality,ALMOHARÍN,ES-EX,zar,1,,ja/nee,ind,"machinetranscriptie van Anexo I van Decreto 260/2014, NIET nagelopen tegen het origineel; de transcriptie sprak zichzelf tegen over de aantallen"
municipality,ALMOHARÍN,ES-EX,zar_zone,,MONTÁNCHEZ,,ind,"machinetranscriptie van Anexo I van Decreto 260/2014, NIET nagelopen tegen het origineel; de transcriptie sprak zichzelf tegen over de aantallen"
municipality,ARROYOMOLINOS,ES-EX,zar,1,,ja/nee,ind,"machinetranscriptie van Anexo I van Decreto 260/2014, NIET nagelopen tegen het origineel; de transcriptie sprak zichzelf tegen over de aantallen"
municipality,ARROYOMOLINOS,ES-EX,zar_zone,,MONTÁNCHEZ + SIERRA DE SAN PEDRO,,ind,"machinetranscriptie van Anexo I van Decreto 260/2014, NIET nagelopen tegen het origineel; de transcriptie sprak zichzelf tegen over de aantallen"
municipality,ARROYOMOLINOS DE LA VERA,ES-EX,zar,1,,ja/nee,ind,"machinetranscriptie van Anexo I van Decreto 260/2014, NIET nagelopen tegen het origineel; de transcriptie sprak zichzelf tegen over de aantallen"
municipality,ARROYOMOLINOS DE LA VERA,ES-EX,zar_zone,,VERA-TIETAR,,ind,"machinetranscriptie van Anexo I van Decreto 260/2014, NIET nagelopen tegen het origineel; de transcriptie sprak zichzelf tegen over de aantallen"
municipality,BADAJOZ,ES-EX,zar,1,,ja/nee,ind,"machinetranscriptie van Anexo I van Decreto 260/2014, NIET nagelopen tegen het origineel; de transcriptie sprak zichzelf tegen over de aantallen"
municipality,BADAJOZ,ES-EX,zar_zone,,SIERRA DE SAN PEDRO,,ind,"machinetranscriptie van Anexo I van Decreto 260/2014, NIET nagelopen tegen het origineel; de transcriptie sprak zichzelf tegen over de aantallen"
municipality,BAÑOS DE MONTEMAYOR,ES-EX,zar,1,,ja/nee,ind,"machinetranscriptie van Anexo I van Decreto 260/2014, NIET nagelopen tegen het origineel; de transcriptie sprak zichzelf tegen over de aantallen"
municipality,BAÑOS DE MONTEMAYOR,ES-EX,zar_zone,,JERTE-AMBROZ,,ind,"machinetranscriptie van Anexo I van Decreto 260/2014, NIET nagelopen tegen het origineel; de transcriptie sprak zichzelf tegen over de aantallen"
municipality,BARRADO,ES-EX,zar,1,,ja/nee,ind,"machinetranscriptie van Anexo I van Decreto 260/2014, NIET nagelopen tegen het origineel; de transcriptie sprak zichzelf tegen over de aantallen"
municipality,BARRADO,ES-EX,zar_zone,,VERA-TIETAR,,ind,"machinetranscriptie van Anexo I van Decreto 260/2014, NIET nagelopen tegen het origineel; de transcriptie sprak zichzelf tegen over de aantallen"
municipality,BATERNO,ES-EX,zar,1,,ja/nee,ind,"machinetranscriptie van Anexo I van Decreto 260/2014, NIET nagelopen tegen het origineel; de transcriptie sprak zichzelf tegen over de aantallen"
municipality,BATERNO,ES-EX,zar_zone,,SIERRAS DE SIRUELA-ZARZA CAPILLA,,ind,"machinetranscriptie van Anexo I van Decreto 260/2014, NIET nagelopen tegen het origineel; de transcriptie sprak zichzelf tegen over de aantallen"
municipality,BELVÍS DE MONROY,ES-EX,zar,1,,ja/nee,ind,"machinetranscriptie van Anexo I van Decreto 260/2014, NIET nagelopen tegen het origineel; de transcriptie sprak zichzelf tegen over de aantallen"
municipality,BELVÍS DE MONROY,ES-EX,zar_zone,,IBORES,,ind,"machinetranscriptie van Anexo I van Decreto 260/2014, NIET nagelopen tegen het origineel; de transcriptie sprak zichzelf tegen over de aantallen"
municipality,BENQUERENCIA DE LA SERENA,ES-EX,zar,1,,ja/nee,ind,"machinetranscriptie van Anexo I van Decreto 260/2014, NIET nagelopen tegen het origineel; de transcriptie sprak zichzelf tegen over de aantallen"
municipality,BENQUERENCIA DE LA SERENA,ES-EX,zar_zone,,SIERRAS CENTRALES DE BADAJOZ,,ind,"machinetranscriptie van Anexo I van Decreto 260/2014, NIET nagelopen tegen het origineel; de transcriptie sprak zichzelf tegen over de aantallen"
municipality,BIENVENIDA,ES-EX,zar,1,,ja/nee,ind,"machinetranscriptie van Anexo I van Decreto 260/2014, NIET nagelopen tegen het origineel; de transcriptie sprak zichzelf tegen over de aantallen"
municipality,BIENVENIDA,ES-EX,zar_zone,,TENTUDÍA,,ind,"machinetranscriptie van Anexo I van Decreto 260/2014, NIET nagelopen tegen het origineel; de transcriptie sprak zichzelf tegen over de aantallen"
municipality,CABAÑAS DEL CASTILLO,ES-EX,zar,1,,ja/nee,ind,"machinetranscriptie van Anexo I van Decreto 260/2014, NIET nagelopen tegen het origineel; de transcriptie sprak zichzelf tegen over de aantallen"
municipality,CABAÑAS DEL CASTILLO,ES-EX,zar_zone,,IBORES,,ind,"machinetranscriptie van Anexo I van Decreto 260/2014, NIET nagelopen tegen het origineel; de transcriptie sprak zichzelf tegen over de aantallen"
municipality,CABEZA LA VACA,ES-EX,zar,1,,ja/nee,ind,"machinetranscriptie van Anexo I van Decreto 260/2014, NIET nagelopen tegen het origineel; de transcriptie sprak zichzelf tegen over de aantallen"
municipality,CABEZA LA VACA,ES-EX,zar_zone,,TENTUDÍA,,ind,"machinetranscriptie van Anexo I van Decreto 260/2014, NIET nagelopen tegen het origineel; de transcriptie sprak zichzelf tegen over de aantallen"
municipality,CABEZABELLOSA,ES-EX,zar,1,,ja/nee,ind,"machinetranscriptie van Anexo I van Decreto 260/2014, NIET nagelopen tegen het origineel; de transcriptie sprak zichzelf tegen over de aantallen"
municipality,CABEZABELLOSA,ES-EX,zar_zone,,JERTE-AMBROZ,,ind,"machinetranscriptie van Anexo I van Decreto 260/2014, NIET nagelopen tegen het origineel; de transcriptie sprak zichzelf tegen over de aantallen"
municipality,CABEZUELA DEL VALLE,ES-EX,zar,1,,ja/nee,ind,"machinetranscriptie van Anexo I van Decreto 260/2014, NIET nagelopen tegen het origineel; de transcriptie sprak zichzelf tegen over de aantallen"
municipality,CABEZUELA DEL VALLE,ES-EX,zar_zone,,JERTE-AMBROZ,,ind,"machinetranscriptie van Anexo I van Decreto 260/2014, NIET nagelopen tegen het origineel; de transcriptie sprak zichzelf tegen over de aantallen"
municipality,CABRERO,ES-EX,zar,1,,ja/nee,ind,"machinetranscriptie van Anexo I van Decreto 260/2014, NIET nagelopen tegen het origineel; de transcriptie sprak zichzelf tegen over de aantallen"
municipality,CABRERO,ES-EX,zar_zone,,JERTE-AMBROZ,,ind,"machinetranscriptie van Anexo I van Decreto 260/2014, NIET nagelopen tegen het origineel; de transcriptie sprak zichzelf tegen over de aantallen"
municipality,CÁCERES,ES-EX,zar,1,,ja/nee,ind,"machinetranscriptie van Anexo I van Decreto 260/2014, NIET nagelopen tegen het origineel; de transcriptie sprak zichzelf tegen over de aantallen"
municipality,CÁCERES,ES-EX,zar_zone,,SIERRA DE SAN PEDRO,,ind,"machinetranscriptie van Anexo I van Decreto 260/2014, NIET nagelopen tegen het origineel; de transcriptie sprak zichzelf tegen over de aantallen"
municipality,CACHORRILLA,ES-EX,zar,1,,ja/nee,ind,"machinetranscriptie van Anexo I van Decreto 260/2014, NIET nagelopen tegen het origineel; de transcriptie sprak zichzelf tegen over de aantallen"
municipality,CACHORRILLA,ES-EX,zar_zone,,SIERRA DE GATA,,ind,"machinetranscriptie van Anexo I van Decreto 260/2014, NIET nagelopen tegen het origineel; de transcriptie sprak zichzelf tegen over de aantallen"
municipality,CADALSO,ES-EX,zar,1,,ja/nee,ind,"machinetranscriptie van Anexo I van Decreto 260/2014, NIET nagelopen tegen het origineel; de transcriptie sprak zichzelf tegen over de aantallen"
municipality,CADALSO,ES-EX,zar_zone,,SIERRA DE GATA,,ind,"machinetranscriptie van Anexo I van Decreto 260/2014, NIET nagelopen tegen het origineel; de transcriptie sprak zichzelf tegen over de aantallen"
municipality,CALERA DE LEON,ES-EX,zar,1,,ja/nee,ind,"machinetranscriptie van Anexo I van Decreto 260/2014, NIET nagelopen tegen het origineel; de transcriptie sprak zichzelf tegen over de aantallen"
municipality,CALERA DE LEON,ES-EX,zar_zone,,TENTUDÍA,,ind,"machinetranscriptie van Anexo I van Decreto 260/2014, NIET nagelopen tegen het origineel; de transcriptie sprak zichzelf tegen over de aantallen"
municipality,CAMINOMORISCO,ES-EX,zar,1,,ja/nee,ind,"machinetranscriptie van Anexo I van Decreto 260/2014, NIET nagelopen tegen het origineel; de transcriptie sprak zichzelf tegen over de aantallen"
municipality,CAMINOMORISCO,ES-EX,zar_zone,,HURDES,,ind,"machinetranscriptie van Anexo I van Decreto 260/2014, NIET nagelopen tegen het origineel; de transcriptie sprak zichzelf tegen over de aantallen"
municipality,CAMPANARIO,ES-EX,zar,1,,ja/nee,ind,"machinetranscriptie van Anexo I van Decreto 260/2014, NIET nagelopen tegen het origineel; de transcriptie sprak zichzelf tegen over de aantallen"
municipality,CAMPANARIO,ES-EX,zar_zone,,SIERRAS CENTRALES DE BADAJOZ,,ind,"machinetranscriptie van Anexo I van Decreto 260/2014, NIET nagelopen tegen het origineel; de transcriptie sprak zichzelf tegen over de aantallen"
municipality,CAMPILLO DE DELEITOSA,ES-EX,zar,1,,ja/nee,ind,"machinetranscriptie van Anexo I van Decreto 260/2014, NIET nagelopen tegen het origineel; de transcriptie sprak zichzelf tegen over de aantallen"
municipality,CAMPILLO DE DELEITOSA,ES-EX,zar_zone,,IBORES,,ind,"machinetranscriptie van Anexo I van Decreto 260/2014, NIET nagelopen tegen het origineel; de transcriptie sprak zichzelf tegen over de aantallen"
municipality,CAMPILLO DE LLERENA,ES-EX,zar,1,,ja/nee,ind,"machinetranscriptie van Anexo I van Decreto 260/2014, NIET nagelopen tegen het origineel; de transcriptie sprak zichzelf tegen over de aantallen"
municipality,CAMPILLO DE LLERENA,ES-EX,zar_zone,,SIERRAS CENTRALES DE BADAJOZ,,ind,"machinetranscriptie van Anexo I van Decreto 260/2014, NIET nagelopen tegen het origineel; de transcriptie sprak zichzelf tegen over de aantallen"
municipality,CAÑAVERAL,ES-EX,zar,1,,ja/nee,ind,"machinetranscriptie van Anexo I van Decreto 260/2014, NIET nagelopen tegen het origineel; de transcriptie sprak zichzelf tegen over de aantallen"
municipality,CAÑAVERAL,ES-EX,zar_zone,,MONFRAGÜE,,ind,"machinetranscriptie van Anexo I van Decreto 260/2014, NIET nagelopen tegen het origineel; de transcriptie sprak zichzelf tegen over de aantallen"
municipality,CAPILLA,ES-EX,zar,1,,ja/nee,ind,"machinetranscriptie van Anexo I van Decreto 260/2014, NIET nagelopen tegen het origineel; de transcriptie sprak zichzelf tegen over de aantallen"
municipality,CAPILLA,ES-EX,zar_zone,,SIERRAS DE SIRUELA-ZARZA CAPILLA,,ind,"machinetranscriptie van Anexo I van Decreto 260/2014, NIET nagelopen tegen het origineel; de transcriptie sprak zichzelf tegen over de aantallen"
municipality,CARBAJO,ES-EX,zar,1,,ja/nee,ind,"machinetranscriptie van Anexo I van Decreto 260/2014, NIET nagelopen tegen het origineel; de transcriptie sprak zichzelf tegen over de aantallen"
municipality,CARBAJO,ES-EX,zar_zone,,VALENCIA DE ALCÁNTARA,,ind,"machinetranscriptie van Anexo I van Decreto 260/2014, NIET nagelopen tegen het origineel; de transcriptie sprak zichzelf tegen over de aantallen"
municipality,CARMONITA,ES-EX,zar,1,,ja/nee,ind,"machinetranscriptie van Anexo I van Decreto 260/2014, NIET nagelopen tegen het origineel; de transcriptie sprak zichzelf tegen over de aantallen"
municipality,CARMONITA,ES-EX,zar_zone,,SIERRA DE SAN PEDRO,,ind,"machinetranscriptie van Anexo I van Decreto 260/2014, NIET nagelopen tegen het origineel; de transcriptie sprak zichzelf tegen over de aantallen"
municipality,CARRASCALEJO,ES-EX,zar,1,,ja/nee,ind,"machinetranscriptie van Anexo I van Decreto 260/2014, NIET nagelopen tegen het origineel; de transcriptie sprak zichzelf tegen over de aantallen"
municipality,CARRASCALEJO,ES-EX,zar_zone,,IBORES,,ind,"machinetranscriptie van Anexo I van Decreto 260/2014, NIET nagelopen tegen het origineel; de transcriptie sprak zichzelf tegen over de aantallen"
municipality,CASAR DE PALOMERO,ES-EX,zar,1,,ja/nee,ind,"machinetranscriptie van Anexo I van Decreto 260/2014, NIET nagelopen tegen het origineel; de transcriptie sprak zichzelf tegen over de aantallen"
municipality,CASAR DE PALOMERO,ES-EX,zar_zone,,HURDES,,ind,"machinetranscriptie van Anexo I van Decreto 260/2014, NIET nagelopen tegen het origineel; de transcriptie sprak zichzelf tegen over de aantallen"
municipality,CASARES DE LAS HURDES,ES-EX,zar,1,,ja/nee,ind,"machinetranscriptie van Anexo I van Decreto 260/2014, NIET nagelopen tegen het origineel; de transcriptie sprak zichzelf tegen over de aantallen"
municipality,CASARES DE LAS HURDES,ES-EX,zar_zone,,HURDES,,ind,"machinetranscriptie van Anexo I van Decreto 260/2014, NIET nagelopen tegen het origineel; de transcriptie sprak zichzelf tegen over de aantallen"
municipality,CASAS DE DON ANTONIO,ES-EX,zar,1,,ja/nee,ind,"machinetranscriptie van Anexo I van Decreto 260/2014, NIET nagelopen tegen het origineel; de transcriptie sprak zichzelf tegen over de aantallen"
municipality,CASAS DE DON ANTONIO,ES-EX,zar_zone,,SIERRA DE SAN PEDRO,,ind,"machinetranscriptie van Anexo I van Decreto 260/2014, NIET nagelopen tegen het origineel; de transcriptie sprak zichzelf tegen over de aantallen"
municipality,CASAS DE DON PEDRO,ES-EX,zar,1,,ja/nee,ind,"machinetranscriptie van Anexo I van Decreto 260/2014, NIET nagelopen tegen het origineel; de transcriptie sprak zichzelf tegen over de aantallen"
municipality,CASAS DE DON PEDRO,ES-EX,zar_zone,,SIBERIA,,ind,"machinetranscriptie van Anexo I van Decreto 260/2014, NIET nagelopen tegen het origineel; de transcriptie sprak zichzelf tegen over de aantallen"
municipality,CASAS DE MILLÁN,ES-EX,zar,1,,ja/nee,ind,"machinetranscriptie van Anexo I van Decreto 260/2014, NIET nagelopen tegen het origineel; de transcriptie sprak zichzelf tegen over de aantallen"
municipality,CASAS DE MILLÁN,ES-EX,zar_zone,,MONFRAGÜE,,ind,"machinetranscriptie van Anexo I van Decreto 260/2014, NIET nagelopen tegen het origineel; de transcriptie sprak zichzelf tegen over de aantallen"
municipality,CASAS DE MIRAVETE,ES-EX,zar,1,,ja/nee,ind,"machinetranscriptie van Anexo I van Decreto 260/2014, NIET nagelopen tegen het origineel; de transcriptie sprak zichzelf tegen over de aantallen"
municipality,CASAS DE MIRAVETE,ES-EX,zar_zone,,MONFRAGÜE,,ind,"machinetranscriptie van Anexo I van Decreto 260/2014, NIET nagelopen tegen het origineel; de transcriptie sprak zichzelf tegen over de aantallen"
municipality,CASAS DE REINA,ES-EX,zar,1,,ja/nee,ind,"machinetranscriptie van Anexo I van Decreto 260/2014, NIET nagelopen tegen het origineel; de transcriptie sprak zichzelf tegen over de aantallen"
municipality,CASAS DE REINA,ES-EX,zar_zone,,TENTUDÍA,,ind,"machinetranscriptie van Anexo I van Decreto 260/2014, NIET nagelopen tegen het origineel; de transcriptie sprak zichzelf tegen over de aantallen"
municipality,CASAS DEL CASTAÑAR,ES-EX,zar,1,,ja/nee,ind,"machinetranscriptie van Anexo I van Decreto 260/2014, NIET nagelopen tegen het origineel; de transcriptie sprak zichzelf tegen over de aantallen"
municipality,CASAS DEL CASTAÑAR,ES-EX,zar_zone,,JERTE-AMBROZ,,ind,"machinetranscriptie van Anexo I van Decreto 260/2014, NIET nagelopen tegen het origineel; de transcriptie sprak zichzelf tegen over de aantallen"
municipality,CASAS DEL MONTE,ES-EX,zar,1,,ja/nee,ind,"machinetranscriptie van Anexo I van Decreto 260/2014, NIET nagelopen tegen het origineel; de transcriptie sprak zichzelf tegen over de aantallen"
municipality,CASAS DEL MONTE,ES-EX,zar_zone,,JERTE-AMBROZ,,ind,"machinetranscriptie van Anexo I van Decreto 260/2014, NIET nagelopen tegen het origineel; de transcriptie sprak zichzelf tegen over de aantallen"
municipality,CASATEJADA,ES-EX,zar,1,,ja/nee,ind,"machinetranscriptie van Anexo I van Decreto 260/2014, NIET nagelopen tegen het origineel; de transcriptie sprak zichzelf tegen over de aantallen"
municipality,CASATEJADA,ES-EX,zar_zone,,VERA-TIETAR,,ind,"machinetranscriptie van Anexo I van Decreto 260/2014, NIET nagelopen tegen het origineel; de transcriptie sprak zichzelf tegen over de aantallen"
municipality,CASTAÑAR DE IBOR,ES-EX,zar,1,,ja/nee,ind,"machinetranscriptie van Anexo I van Decreto 260/2014, NIET nagelopen tegen het origineel; de transcriptie sprak zichzelf tegen over de aantallen"
municipality,CASTAÑAR DE IBOR,ES-EX,zar_zone,,IBORES,,ind,"machinetranscriptie van Anexo I van Decreto 260/2014, NIET nagelopen tegen het origineel; de transcriptie sprak zichzelf tegen over de aantallen"
municipality,CASTILBLANCO,ES-EX,zar,1,,ja/nee,ind,"machinetranscriptie van Anexo I van Decreto 260/2014, NIET nagelopen tegen het origineel; de transcriptie sprak zichzelf tegen over de aantallen"
municipality,CASTILBLANCO,ES-EX,zar_zone,,SIBERIA,,ind,"machinetranscriptie van Anexo I van Decreto 260/2014, NIET nagelopen tegen het origineel; de transcriptie sprak zichzelf tegen over de aantallen"
municipality,CASTUERA,ES-EX,zar,1,,ja/nee,ind,"machinetranscriptie van Anexo I van Decreto 260/2014, NIET nagelopen tegen het origineel; de transcriptie sprak zichzelf tegen over de aantallen"
municipality,CASTUERA,ES-EX,zar_zone,,SIERRAS CENTRALES DE BADAJOZ,,ind,"machinetranscriptie van Anexo I van Decreto 260/2014, NIET nagelopen tegen het origineel; de transcriptie sprak zichzelf tegen over de aantallen"
municipality,CECLAVÍN,ES-EX,zar,1,,ja/nee,ind,"machinetranscriptie van Anexo I van Decreto 260/2014, NIET nagelopen tegen het origineel; de transcriptie sprak zichzelf tegen over de aantallen"
municipality,CECLAVÍN,ES-EX,zar_zone,,SIERRA DE GATA,,ind,"machinetranscriptie van Anexo I van Decreto 260/2014, NIET nagelopen tegen het origineel; de transcriptie sprak zichzelf tegen over de aantallen"
municipality,CEDILLO,ES-EX,zar,1,,ja/nee,ind,"machinetranscriptie van Anexo I van Decreto 260/2014, NIET nagelopen tegen het origineel; de transcriptie sprak zichzelf tegen over de aantallen"
municipality,CEDILLO,ES-EX,zar_zone,,VALENCIA DE ALCÁNTARA,,ind,"machinetranscriptie van Anexo I van Decreto 260/2014, NIET nagelopen tegen het origineel; de transcriptie sprak zichzelf tegen over de aantallen"
municipality,CILLEROS,ES-EX,zar,1,,ja/nee,ind,"machinetranscriptie van Anexo I van Decreto 260/2014, NIET nagelopen tegen het origineel; de transcriptie sprak zichzelf tegen over de aantallen"
municipality,CILLEROS,ES-EX,zar_zone,,SIERRA DE GATA,,ind,"machinetranscriptie van Anexo I van Decreto 260/2014, NIET nagelopen tegen het origineel; de transcriptie sprak zichzelf tegen over de aantallen"
municipality,COLLADO DE LA VERA,ES-EX,zar,1,,ja/nee,ind,"machinetranscriptie van Anexo I van Decreto 260/2014, NIET nagelopen tegen het origineel; de transcriptie sprak zichzelf tegen over de aantallen"
municipality,COLLADO DE LA VERA,ES-EX,zar_zone,,VERA-TIETAR,,ind,"machinetranscriptie van Anexo I van Decreto 260/2014, NIET nagelopen tegen het origineel; de transcriptie sprak zichzelf tegen over de aantallen"
municipality,CUACOS DE YUSTE,ES-EX,zar,1,,ja/nee,ind,"machinetranscriptie van Anexo I van Decreto 260/2014, NIET nagelopen tegen het origineel; de transcriptie sprak zichzelf tegen over de aantallen"
municipality,CUACOS DE YUSTE,ES-EX,zar_zone,,VERA-TIETAR,,ind,"machinetranscriptie van Anexo I van Decreto 260/2014, NIET nagelopen tegen het origineel; de transcriptie sprak zichzelf tegen over de aantallen"
municipality,DELEITOSA,ES-EX,zar,1,,ja/nee,ind,"machinetranscriptie van Anexo I van Decreto 260/2014, NIET nagelopen tegen het origineel; de transcriptie sprak zichzelf tegen over de aantallen"
municipality,DELEITOSA,ES-EX,zar_zone,,IBORES,,ind,"machinetranscriptie van Anexo I van Decreto 260/2014, NIET nagelopen tegen het origineel; de transcriptie sprak zichzelf tegen over de aantallen"
municipality,DESCARGAMARÍA,ES-EX,zar,1,,ja/nee,ind,"machinetranscriptie van Anexo I van Decreto 260/2014, NIET nagelopen tegen het origineel; de transcriptie sprak zichzelf tegen over de aantallen"
municipality,DESCARGAMARÍA,ES-EX,zar_zone,,SIERRA DE GATA,,ind,"machinetranscriptie van Anexo I van Decreto 260/2014, NIET nagelopen tegen het origineel; de transcriptie sprak zichzelf tegen over de aantallen"
municipality,DON BENITO,ES-EX,zar,1,,ja/nee,ind,"machinetranscriptie van Anexo I van Decreto 260/2014, NIET nagelopen tegen het origineel; de transcriptie sprak zichzelf tegen over de aantallen"
municipality,DON BENITO,ES-EX,zar_zone,,SIERRAS CENTRALES DE BADAJOZ,,ind,"machinetranscriptie van Anexo I van Decreto 260/2014, NIET nagelopen tegen het origineel; de transcriptie sprak zichzelf tegen over de aantallen"
municipality,EL TORNO,ES-EX,zar,1,,ja/nee,ind,"machinetranscriptie van Anexo I van Decreto 260/2014, NIET nagelopen tegen het origineel; de transcriptie sprak zichzelf tegen over de aantallen"
municipality,EL TORNO,ES-EX,zar_zone,,JERTE-AMBROZ,,ind,"machinetranscriptie van Anexo I van Decreto 260/2014, NIET nagelopen tegen het origineel; de transcriptie sprak zichzelf tegen over de aantallen"
municipality,ELJAS,ES-EX,zar,1,,ja/nee,ind,"machinetranscriptie van Anexo I van Decreto 260/2014, NIET nagelopen tegen het origineel; de transcriptie sprak zichzelf tegen over de aantallen"
municipality,ELJAS,ES-EX,zar_zone,,SIERRA DE GATA,,ind,"machinetranscriptie van Anexo I van Decreto 260/2014, NIET nagelopen tegen het origineel; de transcriptie sprak zichzelf tegen over de aantallen"
municipality,ESCURIAL,ES-EX,zar,1,,ja/nee,ind,"machinetranscriptie van Anexo I van Decreto 260/2014, NIET nagelopen tegen het origineel; de transcriptie sprak zichzelf tegen over de aantallen"
municipality,ESCURIAL,ES-EX,zar_zone,,MONTÁNCHEZ,,ind,"machinetranscriptie van Anexo I van Decreto 260/2014, NIET nagelopen tegen het origineel; de transcriptie sprak zichzelf tegen over de aantallen"
municipality,ESPARRAGOSA DE LA SERENA,ES-EX,zar,1,,ja/nee,ind,"machinetranscriptie van Anexo I van Decreto 260/2014, NIET nagelopen tegen het origineel; de transcriptie sprak zichzelf tegen over de aantallen"
municipality,ESPARRAGOSA DE LA SERENA,ES-EX,zar_zone,,SIERRAS CENTRALES DE BADAJOZ,,ind,"machinetranscriptie van Anexo I van Decreto 260/2014, NIET nagelopen tegen het origineel; de transcriptie sprak zichzelf tegen over de aantallen"
municipality,FRESNEDOSO DE IBOR,ES-EX,zar,1,,ja/nee,ind,"machinetranscriptie van Anexo I van Decreto 260/2014, NIET nagelopen tegen het origineel; de transcriptie sprak zichzelf tegen over de aantallen"
municipality,FRESNEDOSO DE IBOR,ES-EX,zar_zone,,IBORES,,ind,"machinetranscriptie van Anexo I van Decreto 260/2014, NIET nagelopen tegen het origineel; de transcriptie sprak zichzelf tegen over de aantallen"
municipality,FUENLABRADA DE LOS MONTES,ES-EX,zar,1,,ja/nee,ind,"machinetranscriptie van Anexo I van Decreto 260/2014, NIET nagelopen tegen het origineel; de transcriptie sprak zichzelf tegen over de aantallen"
municipality,FUENLABRADA DE LOS MONTES,ES-EX,zar_zone,,SIBERIA,,ind,"machinetranscriptie van Anexo I van Decreto 260/2014, NIET nagelopen tegen het origineel; de transcriptie sprak zichzelf tegen over de aantallen"
municipality,FUENTE DE CANTOS,ES-EX,zar,1,,ja/nee,ind,"machinetranscriptie van Anexo I van Decreto 260/2014, NIET nagelopen tegen het origineel; de transcriptie sprak zichzelf tegen over de aantallen"
municipality,FUENTE DE CANTOS,ES-EX,zar_zone,,TENTUDÍA,,ind,"machinetranscriptie van Anexo I van Decreto 260/2014, NIET nagelopen tegen het origineel; de transcriptie sprak zichzelf tegen over de aantallen"
municipality,FUENTE DEL ARCO,ES-EX,zar,1,,ja/nee,ind,"machinetranscriptie van Anexo I van Decreto 260/2014, NIET nagelopen tegen het origineel; de transcriptie sprak zichzelf tegen over de aantallen"
municipality,FUENTE DEL ARCO,ES-EX,zar_zone,,TENTUDÍA,,ind,"machinetranscriptie van Anexo I van Decreto 260/2014, NIET nagelopen tegen het origineel; de transcriptie sprak zichzelf tegen over de aantallen"
municipality,FUENTES DE LEON,ES-EX,zar,1,,ja/nee,ind,"machinetranscriptie van Anexo I van Decreto 260/2014, NIET nagelopen tegen het origineel; de transcriptie sprak zichzelf tegen over de aantallen"
municipality,FUENTES DE LEON,ES-EX,zar_zone,,TENTUDÍA,,ind,"machinetranscriptie van Anexo I van Decreto 260/2014, NIET nagelopen tegen het origineel; de transcriptie sprak zichzelf tegen over de aantallen"
municipality,GARBAYUELA,ES-EX,zar,1,,ja/nee,ind,"machinetranscriptie van Anexo I van Decreto 260/2014, NIET nagelopen tegen het origineel; de transcriptie sprak zichzelf tegen over de aantallen"
municipality,GARBAYUELA,ES-EX,zar_zone,,SIBERIA,,ind,"machinetranscriptie van Anexo I van Decreto 260/2014, NIET nagelopen tegen het origineel; de transcriptie sprak zichzelf tegen over de aantallen"
municipality,GARGANTA LA OLLA,ES-EX,zar,1,,ja/nee,ind,"machinetranscriptie van Anexo I van Decreto 260/2014, NIET nagelopen tegen het origineel; de transcriptie sprak zichzelf tegen over de aantallen"
municipality,GARGANTA LA OLLA,ES-EX,zar_zone,,VERA-TIETAR,,ind,"machinetranscriptie van Anexo I van Decreto 260/2014, NIET nagelopen tegen het origineel; de transcriptie sprak zichzelf tegen over de aantallen"
municipality,GARGANTILLA,ES-EX,zar,1,,ja/nee,ind,"machinetranscriptie van Anexo I van Decreto 260/2014, NIET nagelopen tegen het origineel; de transcriptie sprak zichzelf tegen over de aantallen"
municipality,GARGANTILLA,ES-EX,zar_zone,,JERTE-AMBROZ,,ind,"machinetranscriptie van Anexo I van Decreto 260/2014, NIET nagelopen tegen het origineel; de transcriptie sprak zichzelf tegen over de aantallen"
municipality,GARGÜERA,ES-EX,zar,1,,ja/nee,ind,"machinetranscriptie van Anexo I van Decreto 260/2014, NIET nagelopen tegen het origineel; de transcriptie sprak zichzelf tegen over de aantallen"
municipality,GARGÜERA,ES-EX,zar_zone,,VERA-TIETAR,,ind,"machinetranscriptie van Anexo I van Decreto 260/2014, NIET nagelopen tegen het origineel; de transcriptie sprak zichzelf tegen over de aantallen"
municipality,GARLITOS,ES-EX,zar,1,,ja/nee,ind,"machinetranscriptie van Anexo I van Decreto 260/2014, NIET nagelopen tegen het origineel; de transcriptie sprak zichzelf tegen over de aantallen"
municipality,GARLITOS,ES-EX,zar_zone,,SIERRAS DE SIRUELA-ZARZA CAPILLA,,ind,"machinetranscriptie van Anexo I van Decreto 260/2014, NIET nagelopen tegen het origineel; de transcriptie sprak zichzelf tegen over de aantallen"
municipality,GARVIN,ES-EX,zar,1,,ja/nee,ind,"machinetranscriptie van Anexo I van Decreto 260/2014, NIET nagelopen tegen het origineel; de transcriptie sprak zichzelf tegen over de aantallen"
municipality,GARVIN,ES-EX,zar_zone,,IBORES,,ind,"machinetranscriptie van Anexo I van Decreto 260/2014, NIET nagelopen tegen het origineel; de transcriptie sprak zichzelf tegen over de aantallen"
municipality,GATA,ES-EX,zar,1,,ja/nee,ind,"machinetranscriptie van Anexo I van Decreto 260/2014, NIET nagelopen tegen het origineel; de transcriptie sprak zichzelf tegen over de aantallen"
municipality,GATA,ES-EX,zar_zone,,SIERRA DE GATA,,ind,"machinetranscriptie van Anexo I van Decreto 260/2014, NIET nagelopen tegen het origineel; de transcriptie sprak zichzelf tegen over de aantallen"
municipality,GUAREÑA,ES-EX,zar,1,,ja/nee,ind,"machinetranscriptie van Anexo I van Decreto 260/2014, NIET nagelopen tegen het origineel; de transcriptie sprak zichzelf tegen over de aantallen"
municipality,GUAREÑA,ES-EX,zar_zone,,SIERRA DE SAN PEDRO + SIERRAS CENTRALES DE BADAJOZ,,ind,"machinetranscriptie van Anexo I van Decreto 260/2014, NIET nagelopen tegen het origineel; de transcriptie sprak zichzelf tegen over de aantallen"
municipality,GUIJO DE SANTA BARBARA,ES-EX,zar,1,,ja/nee,ind,"machinetranscriptie van Anexo I van Decreto 260/2014, NIET nagelopen tegen het origineel; de transcriptie sprak zichzelf tegen over de aantallen"
municipality,GUIJO DE SANTA BARBARA,ES-EX,zar_zone,,VERA-TIETAR,,ind,"machinetranscriptie van Anexo I van Decreto 260/2014, NIET nagelopen tegen het origineel; de transcriptie sprak zichzelf tegen over de aantallen"
municipality,HELECHOSA DE LOS MONTES,ES-EX,zar,1,,ja/nee,ind,"machinetranscriptie van Anexo I van Decreto 260/2014, NIET nagelopen tegen het origineel; de transcriptie sprak zichzelf tegen over de aantallen"
municipality,HELECHOSA DE LOS MONTES,ES-EX,zar_zone,,SIBERIA,,ind,"machinetranscriptie van Anexo I van Decreto 260/2014, NIET nagelopen tegen het origineel; de transcriptie sprak zichzelf tegen over de aantallen"
municipality,HERNÁN-PÉREZ,ES-EX,zar,1,,ja/nee,ind,"machinetranscriptie van Anexo I van Decreto 260/2014, NIET nagelopen tegen het origineel; de transcriptie sprak zichzelf tegen over de aantallen"
municipality,HERNÁN-PÉREZ,ES-EX,zar_zone,,SIERRA DE GATA,,ind,"machinetranscriptie van Anexo I van Decreto 260/2014, NIET nagelopen tegen het origineel; de transcriptie sprak zichzelf tegen over de aantallen"
municipality,HERRERA DE ALCANTARA,ES-EX,zar,1,,ja/nee,ind,"machinetranscriptie van Anexo I van Decreto 260/2014, NIET nagelopen tegen het origineel; de transcriptie sprak zichzelf tegen over de aantallen"
municipality,HERRERA DE ALCANTARA,ES-EX,zar_zone,,VALENCIA DE ALCÁNTARA,,ind,"machinetranscriptie van Anexo I van Decreto 260/2014, NIET nagelopen tegen het origineel; de transcriptie sprak zichzelf tegen over de aantallen"
municipality,HERRERA DEL DUQUE,ES-EX,zar,1,,ja/nee,ind,"machinetranscriptie van Anexo I van Decreto 260/2014, NIET nagelopen tegen het origineel; de transcriptie sprak zichzelf tegen over de aantallen"
municipality,HERRERA DEL DUQUE,ES-EX,zar_zone,,SIBERIA,,ind,"machinetranscriptie van Anexo I van Decreto 260/2014, NIET nagelopen tegen het origineel; de transcriptie sprak zichzelf tegen over de aantallen"
municipality,HERRERUELA,ES-EX,zar,1,,ja/nee,ind,"machinetranscriptie van Anexo I van Decreto 260/2014, NIET nagelopen tegen het origineel; de transcriptie sprak zichzelf tegen over de aantallen"
municipality,HERRERUELA,ES-EX,zar_zone,,SIERRA DE SAN PEDRO,,ind,"machinetranscriptie van Anexo I van Decreto 260/2014, NIET nagelopen tegen het origineel; de transcriptie sprak zichzelf tegen over de aantallen"
municipality,HERVÁS,ES-EX,zar,1,,ja/nee,ind,"machinetranscriptie van Anexo I van Decreto 260/2014, NIET nagelopen tegen het origineel; de transcriptie sprak zichzelf tegen over de aantallen"
municipality,HERVÁS,ES-EX,zar_zone,,JERTE-AMBROZ,,ind,"machinetranscriptie van Anexo I van Decreto 260/2014, NIET nagelopen tegen het origineel; de transcriptie sprak zichzelf tegen over de aantallen"
municipality,HIGUERA,ES-EX,zar,1,,ja/nee,ind,"machinetranscriptie van Anexo I van Decreto 260/2014, NIET nagelopen tegen het origineel; de transcriptie sprak zichzelf tegen over de aantallen"
municipality,HIGUERA,ES-EX,zar_zone,,IBORES,,ind,"machinetranscriptie van Anexo I van Decreto 260/2014, NIET nagelopen tegen het origineel; de transcriptie sprak zichzelf tegen over de aantallen"
municipality,HIGUERA DE LA SERENA,ES-EX,zar,1,,ja/nee,ind,"machinetranscriptie van Anexo I van Decreto 260/2014, NIET nagelopen tegen het origineel; de transcriptie sprak zichzelf tegen over de aantallen"
municipality,HIGUERA DE LA SERENA,ES-EX,zar_zone,,SIERRAS CENTRALES DE BADAJOZ,,ind,"machinetranscriptie van Anexo I van Decreto 260/2014, NIET nagelopen tegen het origineel; de transcriptie sprak zichzelf tegen over de aantallen"
municipality,HORNACHOS,ES-EX,zar,1,,ja/nee,ind,"machinetranscriptie van Anexo I van Decreto 260/2014, NIET nagelopen tegen het origineel; de transcriptie sprak zichzelf tegen over de aantallen"
municipality,HORNACHOS,ES-EX,zar_zone,,SIERRAS CENTRALES DE BADAJOZ,,ind,"machinetranscriptie van Anexo I van Decreto 260/2014, NIET nagelopen tegen het origineel; de transcriptie sprak zichzelf tegen over de aantallen"
municipality,HOYOS,ES-EX,zar,1,,ja/nee,ind,"machinetranscriptie van Anexo I van Decreto 260/2014, NIET nagelopen tegen het origineel; de transcriptie sprak zichzelf tegen over de aantallen"
municipality,HOYOS,ES-EX,zar_zone,,SIERRA DE GATA,,ind,"machinetranscriptie van Anexo I van Decreto 260/2014, NIET nagelopen tegen het origineel; de transcriptie sprak zichzelf tegen over de aantallen"
municipality,IBAHERNANDO,ES-EX,zar,1,,ja/nee,ind,"machinetranscriptie van Anexo I van Decreto 260/2014, NIET nagelopen tegen het origineel; de transcriptie sprak zichzelf tegen over de aantallen"
municipality,IBAHERNANDO,ES-EX,zar_zone,,MONTÁNCHEZ,,ind,"machinetranscriptie van Anexo I van Decreto 260/2014, NIET nagelopen tegen het origineel; de transcriptie sprak zichzelf tegen over de aantallen"
municipality,JARAICEJO,ES-EX,zar,1,,ja/nee,ind,"machinetranscriptie van Anexo I van Decreto 260/2014, NIET nagelopen tegen het origineel; de transcriptie sprak zichzelf tegen over de aantallen"
municipality,JARAICEJO,ES-EX,zar_zone,,MONFRAGÜE,,ind,"machinetranscriptie van Anexo I van Decreto 260/2014, NIET nagelopen tegen het origineel; de transcriptie sprak zichzelf tegen over de aantallen"
municipality,JARAIZ DE LA VERA,ES-EX,zar,1,,ja/nee,ind,"machinetranscriptie van Anexo I van Decreto 260/2014, NIET nagelopen tegen het origineel; de transcriptie sprak zichzelf tegen over de aantallen"
municipality,JARAIZ DE LA VERA,ES-EX,zar_zone,,VERA-TIETAR,,ind,"machinetranscriptie van Anexo I van Decreto 260/2014, NIET nagelopen tegen het origineel; de transcriptie sprak zichzelf tegen over de aantallen"
municipality,JARANDILLA DE LA VERA,ES-EX,zar,1,,ja/nee,ind,"machinetranscriptie van Anexo I van Decreto 260/2014, NIET nagelopen tegen het origineel; de transcriptie sprak zichzelf tegen over de aantallen"
municipality,JARANDILLA DE LA VERA,ES-EX,zar_zone,,VERA-TIETAR,,ind,"machinetranscriptie van Anexo I van Decreto 260/2014, NIET nagelopen tegen het origineel; de transcriptie sprak zichzelf tegen over de aantallen"
municipality,JARILLA,ES-EX,zar,1,,ja/nee,ind,"machinetranscriptie van Anexo I van Decreto 260/2014, NIET nagelopen tegen het origineel; de transcriptie sprak zichzelf tegen over de aantallen"
municipality,JARILLA,ES-EX,zar_zone,,JERTE-AMBROZ,,ind,"machinetranscriptie van Anexo I van Decreto 260/2014, NIET nagelopen tegen het origineel; de transcriptie sprak zichzelf tegen over de aantallen"
municipality,JERTE,ES-EX,zar,1,,ja/nee,ind,"machinetranscriptie van Anexo I van Decreto 260/2014, NIET nagelopen tegen het origineel; de transcriptie sprak zichzelf tegen over de aantallen"
municipality,JERTE,ES-EX,zar_zone,,JERTE-AMBROZ,,ind,"machinetranscriptie van Anexo I van Decreto 260/2014, NIET nagelopen tegen het origineel; de transcriptie sprak zichzelf tegen over de aantallen"
municipality,LA CODOSERA,ES-EX,zar,1,,ja/nee,ind,"machinetranscriptie van Anexo I van Decreto 260/2014, NIET nagelopen tegen het origineel; de transcriptie sprak zichzelf tegen over de aantallen"
municipality,LA CODOSERA,ES-EX,zar_zone,,VALENCIA DE ALCÁNTARA,,ind,"machinetranscriptie van Anexo I van Decreto 260/2014, NIET nagelopen tegen het origineel; de transcriptie sprak zichzelf tegen over de aantallen"
municipality,LA GARGANTA,ES-EX,zar,1,,ja/nee,ind,"machinetranscriptie van Anexo I van Decreto 260/2014, NIET nagelopen tegen het origineel; de transcriptie sprak zichzelf tegen over de aantallen"
municipality,LA GARGANTA,ES-EX,zar_zone,,JERTE-AMBROZ,,ind,"machinetranscriptie van Anexo I van Decreto 260/2014, NIET nagelopen tegen het origineel; de transcriptie sprak zichzelf tegen over de aantallen"
municipality,LA GRANJA,ES-EX,zar,1,,ja/nee,ind,"machinetranscriptie van Anexo I van Decreto 260/2014, NIET nagelopen tegen het origineel; de transcriptie sprak zichzelf tegen over de aantallen"
municipality,LA GRANJA,ES-EX,zar_zone,,JERTE-AMBROZ,,ind,"machinetranscriptie van Anexo I van Decreto 260/2014, NIET nagelopen tegen het origineel; de transcriptie sprak zichzelf tegen over de aantallen"
municipality,LA HABA,ES-EX,zar,1,,ja/nee,ind,"machinetranscriptie van Anexo I van Decreto 260/2014, NIET nagelopen tegen het origineel; de transcriptie sprak zichzelf tegen over de aantallen"
municipality,LA HABA,ES-EX,zar_zone,,SIERRAS CENTRALES DE BADAJOZ,,ind,"machinetranscriptie van Anexo I van Decreto 260/2014, NIET nagelopen tegen het origineel; de transcriptie sprak zichzelf tegen over de aantallen"
municipality,LA NAVA DE SANTIAGO,ES-EX,zar,1,,ja/nee,ind,"machinetranscriptie van Anexo I van Decreto 260/2014, NIET nagelopen tegen het origineel; de transcriptie sprak zichzelf tegen over de aantallen"
municipality,LA NAVA DE SANTIAGO,ES-EX,zar_zone,,SIERRA DE SAN PEDRO,,ind,"machinetranscriptie van Anexo I van Decreto 260/2014, NIET nagelopen tegen het origineel; de transcriptie sprak zichzelf tegen over de aantallen"
municipality,LA PESGA,ES-EX,zar,1,,ja/nee,ind,"machinetranscriptie van Anexo I van Decreto 260/2014, NIET nagelopen tegen het origineel; de transcriptie sprak zichzelf tegen over de aantallen"
municipality,LA PESGA,ES-EX,zar_zone,,HURDES,,ind,"machinetranscriptie van Anexo I van Decreto 260/2014, NIET nagelopen tegen het origineel; de transcriptie sprak zichzelf tegen over de aantallen"
municipality,LA ROCA DE LA SIERRA,ES-EX,zar,1,,ja/nee,ind,"machinetranscriptie van Anexo I van Decreto 260/2014, NIET nagelopen tegen het origineel; de transcriptie sprak zichzelf tegen over de aantallen"
municipality,LA ROCA DE LA SIERRA,ES-EX,zar_zone,,SIERRA DE SAN PEDRO,,ind,"machinetranscriptie van Anexo I van Decreto 260/2014, NIET nagelopen tegen het origineel; de transcriptie sprak zichzelf tegen over de aantallen"
municipality,LA ZARZA,ES-EX,zar,1,,ja/nee,ind,"machinetranscriptie van Anexo I van Decreto 260/2014, NIET nagelopen tegen het origineel; de transcriptie sprak zichzelf tegen over de aantallen"
municipality,LA ZARZA,ES-EX,zar_zone,,SIERRAS CENTRALES DE BADAJOZ,,ind,"machinetranscriptie van Anexo I van Decreto 260/2014, NIET nagelopen tegen het origineel; de transcriptie sprak zichzelf tegen over de aantallen"
municipality,LADRILLAR,ES-EX,zar,1,,ja/nee,ind,"machinetranscriptie van Anexo I van Decreto 260/2014, NIET nagelopen tegen het origineel; de transcriptie sprak zichzelf tegen over de aantallen"
municipality,LADRILLAR,ES-EX,zar_zone,,HURDES,,ind,"machinetranscriptie van Anexo I van Decreto 260/2014, NIET nagelopen tegen het origineel; de transcriptie sprak zichzelf tegen over de aantallen"
municipality,LLERENA,ES-EX,zar,1,,ja/nee,ind,"machinetranscriptie van Anexo I van Decreto 260/2014, NIET nagelopen tegen het origineel; de transcriptie sprak zichzelf tegen over de aantallen"
municipality,LLERENA,ES-EX,zar_zone,,TENTUDÍA,,ind,"machinetranscriptie van Anexo I van Decreto 260/2014, NIET nagelopen tegen het origineel; de transcriptie sprak zichzelf tegen over de aantallen"
municipality,LOSAR DE LA VERA,ES-EX,zar,1,,ja/nee,ind,"machinetranscriptie van Anexo I van Decreto 260/2014, NIET nagelopen tegen het origineel; de transcriptie sprak zichzelf tegen over de aantallen"
municipality,LOSAR DE LA VERA,ES-EX,zar_zone,,VERA-TIETAR,,ind,"machinetranscriptie van Anexo I van Decreto 260/2014, NIET nagelopen tegen het origineel; de transcriptie sprak zichzelf tegen over de aantallen"
municipality,MADRIGAL DE LA VERA,ES-EX,zar,1,,ja/nee,ind,"machinetranscriptie van Anexo I van Decreto 260/2014, NIET nagelopen tegen het origineel; de transcriptie sprak zichzelf tegen over de aantallen"
municipality,MADRIGAL DE LA VERA,ES-EX,zar_zone,,VERA-TIETAR,,ind,"machinetranscriptie van Anexo I van Decreto 260/2014, NIET nagelopen tegen het origineel; de transcriptie sprak zichzelf tegen over de aantallen"
municipality,MAJADAS DE TIETAR,ES-EX,zar,1,,ja/nee,ind,"machinetranscriptie van Anexo I van Decreto 260/2014, NIET nagelopen tegen het origineel; de transcriptie sprak zichzelf tegen over de aantallen"
municipality,MAJADAS DE TIETAR,ES-EX,zar_zone,,VERA-TIETAR,,ind,"machinetranscriptie van Anexo I van Decreto 260/2014, NIET nagelopen tegen het origineel; de transcriptie sprak zichzelf tegen over de aantallen"
municipality,MALPARTIDA DE CÁCERES,ES-EX,zar,1,,ja/nee,ind,"machinetranscriptie van Anexo I van Decreto 260/2014, NIET nagelopen tegen het origineel; de transcriptie sprak zichzelf tegen over de aantallen"
municipality,MALPARTIDA DE CÁCERES,ES-EX,zar_zone,,JERTE-AMBROZ,,ind,"machinetranscriptie van Anexo I van Decreto 260/2014, NIET nagelopen tegen het origineel; de transcriptie sprak zichzelf tegen over de aantallen"
municipality,MALPARTIDA DE PLASENCIA,ES-EX,zar,1,,ja/nee,ind,"machinetranscriptie van Anexo I van Decreto 260/2014, NIET nagelopen tegen het origineel; de transcriptie sprak zichzelf tegen over de aantallen"
municipality,MALPARTIDA DE PLASENCIA,ES-EX,zar_zone,,MONFRAGÜE,,ind,"machinetranscriptie van Anexo I van Decreto 260/2014, NIET nagelopen tegen het origineel; de transcriptie sprak zichzelf tegen over de aantallen"
municipality,MANCHITA,ES-EX,zar,1,,ja/nee,ind,"machinetranscriptie van Anexo I van Decreto 260/2014, NIET nagelopen tegen het origineel; de transcriptie sprak zichzelf tegen over de aantallen"
municipality,MANCHITA,ES-EX,zar_zone,,SIERRAS CENTRALES DE BADAJOZ,,ind,"machinetranscriptie van Anexo I van Decreto 260/2014, NIET nagelopen tegen het origineel; de transcriptie sprak zichzelf tegen over de aantallen"
municipality,MARCHAGAZ,ES-EX,zar,1,,ja/nee,ind,"machinetranscriptie van Anexo I van Decreto 260/2014, NIET nagelopen tegen het origineel; de transcriptie sprak zichzelf tegen over de aantallen"
municipality,MARCHAGAZ,ES-EX,zar_zone,,HURDES,,ind,"machinetranscriptie van Anexo I van Decreto 260/2014, NIET nagelopen tegen het origineel; de transcriptie sprak zichzelf tegen over de aantallen"
municipality,MEMBRIO,ES-EX,zar,1,,ja/nee,ind,"machinetranscriptie van Anexo I van Decreto 260/2014, NIET nagelopen tegen het origineel; de transcriptie sprak zichzelf tegen over de aantallen"
municipality,MEMBRIO,ES-EX,zar_zone,,SIERRA DE SAN PEDRO + VALENCIA DE ALCÁNTARA,,ind,"machinetranscriptie van Anexo I van Decreto 260/2014, NIET nagelopen tegen het origineel; de transcriptie sprak zichzelf tegen over de aantallen"
municipality,MÉRIDA,ES-EX,zar,1,,ja/nee,ind,"machinetranscriptie van Anexo I van Decreto 260/2014, NIET nagelopen tegen het origineel; de transcriptie sprak zichzelf tegen over de aantallen"
municipality,MÉRIDA,ES-EX,zar_zone,,SIERRA DE SAN PEDRO,,ind,"machinetranscriptie van Anexo I van Decreto 260/2014, NIET nagelopen tegen het origineel; de transcriptie sprak zichzelf tegen over de aantallen"
municipality,MESAS DE IBOR,ES-EX,zar,1,,ja/nee,ind,"machinetranscriptie van Anexo I van Decreto 260/2014, NIET nagelopen tegen het origineel; de transcriptie sprak zichzelf tegen over de aantallen"
municipality,MESAS DE IBOR,ES-EX,zar_zone,,IBORES,,ind,"machinetranscriptie van Anexo I van Decreto 260/2014, NIET nagelopen tegen het origineel; de transcriptie sprak zichzelf tegen over de aantallen"
municipality,MIRABEL,ES-EX,zar,1,,ja/nee,ind,"machinetranscriptie van Anexo I van Decreto 260/2014, NIET nagelopen tegen het origineel; de transcriptie sprak zichzelf tegen over de aantallen"
municipality,MIRABEL,ES-EX,zar_zone,,MONFRAGÜE,,ind,"machinetranscriptie van Anexo I van Decreto 260/2014, NIET nagelopen tegen het origineel; de transcriptie sprak zichzelf tegen over de aantallen"
municipality,MIRANDILLA,ES-EX,zar,1,,ja/nee,ind,"machinetranscriptie van Anexo I van Decreto 260/2014, NIET nagelopen tegen het origineel; de transcriptie sprak zichzelf tegen over de aantallen"
municipality,MIRANDILLA,ES-EX,zar_zone,,SIERRA DE SAN PEDRO,,ind,"machinetranscriptie van Anexo I van Decreto 260/2014, NIET nagelopen tegen het origineel; de transcriptie sprak zichzelf tegen over de aantallen"
municipality,MOHEDA DE GRANADILLA,ES-EX,zar,1,,ja/nee,ind,"machinetranscriptie van Anexo I van Decreto 260/2014, NIET nagelopen tegen het origineel; de transcriptie sprak zichzelf tegen over de aantallen"
municipality,MOHEDA DE GRANADILLA,ES-EX,zar_zone,,HURDES,,ind,"machinetranscriptie van Anexo I van Decreto 260/2014, NIET nagelopen tegen het origineel; de transcriptie sprak zichzelf tegen over de aantallen"
municipality,MONESTERIO,ES-EX,zar,1,,ja/nee,ind,"machinetranscriptie van Anexo I van Decreto 260/2014, NIET nagelopen tegen het origineel; de transcriptie sprak zichzelf tegen over de aantallen"
municipality,MONESTERIO,ES-EX,zar_zone,,TENTUDÍA,,ind,"machinetranscriptie van Anexo I van Decreto 260/2014, NIET nagelopen tegen het origineel; de transcriptie sprak zichzelf tegen over de aantallen"
municipality,MONTANCHEZ,ES-EX,zar,1,,ja/nee,ind,"machinetranscriptie van Anexo I van Decreto 260/2014, NIET nagelopen tegen het origineel; de transcriptie sprak zichzelf tegen over de aantallen"
municipality,MONTANCHEZ,ES-EX,zar_zone,,MONTÁNCHEZ + SIERRA DE SAN PEDRO,,ind,"machinetranscriptie van Anexo I van Decreto 260/2014, NIET nagelopen tegen het origineel; de transcriptie sprak zichzelf tegen over de aantallen"
municipality,MONTEMOLÍN,ES-EX,zar,1,,ja/nee,ind,"machinetranscriptie van Anexo I van Decreto 260/2014, NIET nagelopen tegen het origineel; de transcriptie sprak zichzelf tegen over de aantallen"
municipality,MONTEMOLÍN,ES-EX,zar_zone,,TENTUDÍA,,ind,"machinetranscriptie van Anexo I van Decreto 260/2014, NIET nagelopen tegen het origineel; de transcriptie sprak zichzelf tegen over de aantallen"
municipality,MONTERRUBIO DE LA SERENA,ES-EX,zar,1,,ja/nee,ind,"machinetranscriptie van Anexo I van Decreto 260/2014, NIET nagelopen tegen het origineel; de transcriptie sprak zichzelf tegen over de aantallen"
municipality,MONTERRUBIO DE LA SERENA,ES-EX,zar_zone,,SIERRAS CENTRALES DE BADAJOZ,,ind,"machinetranscriptie van Anexo I van Decreto 260/2014, NIET nagelopen tegen het origineel; de transcriptie sprak zichzelf tegen over de aantallen"
municipality,MORALEJA,ES-EX,zar,1,,ja/nee,ind,"machinetranscriptie van Anexo I van Decreto 260/2014, NIET nagelopen tegen het origineel; de transcriptie sprak zichzelf tegen over de aantallen"
municipality,MORALEJA,ES-EX,zar_zone,,SIERRA DE GATA,,ind,"machinetranscriptie van Anexo I van Decreto 260/2014, NIET nagelopen tegen het origineel; de transcriptie sprak zichzelf tegen over de aantallen"
municipality,NAVACONCEJO,ES-EX,zar,1,,ja/nee,ind,"machinetranscriptie van Anexo I van Decreto 260/2014, NIET nagelopen tegen het origineel; de transcriptie sprak zichzelf tegen over de aantallen"
municipality,NAVACONCEJO,ES-EX,zar_zone,,JERTE-AMBROZ,,ind,"machinetranscriptie van Anexo I van Decreto 260/2014, NIET nagelopen tegen het origineel; de transcriptie sprak zichzelf tegen over de aantallen"
municipality,NAVALVILLAR DE IBOR,ES-EX,zar,1,,ja/nee,ind,"machinetranscriptie van Anexo I van Decreto 260/2014, NIET nagelopen tegen het origineel; de transcriptie sprak zichzelf tegen over de aantallen"
municipality,NAVALVILLAR DE IBOR,ES-EX,zar_zone,,IBORES,,ind,"machinetranscriptie van Anexo I van Decreto 260/2014, NIET nagelopen tegen het origineel; de transcriptie sprak zichzelf tegen over de aantallen"
municipality,NAVEZUELAS,ES-EX,zar,1,,ja/nee,ind,"machinetranscriptie van Anexo I van Decreto 260/2014, NIET nagelopen tegen het origineel; de transcriptie sprak zichzelf tegen over de aantallen"
municipality,NAVEZUELAS,ES-EX,zar_zone,,IBORES,,ind,"machinetranscriptie van Anexo I van Decreto 260/2014, NIET nagelopen tegen het origineel; de transcriptie sprak zichzelf tegen over de aantallen"
municipality,NUÑOMORAL,ES-EX,zar,1,,ja/nee,ind,"machinetranscriptie van Anexo I van Decreto 260/2014, NIET nagelopen tegen het origineel; de transcriptie sprak zichzelf tegen over de aantallen"
municipality,NUÑOMORAL,ES-EX,zar_zone,,HURDES,,ind,"machinetranscriptie van Anexo I van Decreto 260/2014, NIET nagelopen tegen het origineel; de transcriptie sprak zichzelf tegen over de aantallen"
municipality,OLIVA DE MÉRIDA,ES-EX,zar,1,,ja/nee,ind,"machinetranscriptie van Anexo I van Decreto 260/2014, NIET nagelopen tegen het origineel; de transcriptie sprak zichzelf tegen over de aantallen"
municipality,OLIVA DE MÉRIDA,ES-EX,zar_zone,,SIERRAS CENTRALES DE BADAJOZ,,ind,"machinetranscriptie van Anexo I van Decreto 260/2014, NIET nagelopen tegen het origineel; de transcriptie sprak zichzelf tegen over de aantallen"
municipality,OLIVA DE PLASENCIA,ES-EX,zar,1,,ja/nee,ind,"machinetranscriptie van Anexo I van Decreto 260/2014, NIET nagelopen tegen het origineel; de transcriptie sprak zichzelf tegen over de aantallen"
municipality,OLIVA DE PLASENCIA,ES-EX,zar_zone,,JERTE-AMBROZ,,ind,"machinetranscriptie van Anexo I van Decreto 260/2014, NIET nagelopen tegen het origineel; de transcriptie sprak zichzelf tegen over de aantallen"
municipality,PALOMAS,ES-EX,zar,1,,ja/nee,ind,"machinetranscriptie van Anexo I van Decreto 260/2014, NIET nagelopen tegen het origineel; de transcriptie sprak zichzelf tegen over de aantallen"
municipality,PALOMAS,ES-EX,zar_zone,,SIERRAS CENTRALES DE BADAJOZ,,ind,"machinetranscriptie van Anexo I van Decreto 260/2014, NIET nagelopen tegen het origineel; de transcriptie sprak zichzelf tegen over de aantallen"
municipality,PASARÓN DE LA VERA,ES-EX,zar,1,,ja/nee,ind,"machinetranscriptie van Anexo I van Decreto 260/2014, NIET nagelopen tegen het origineel; de transcriptie sprak zichzelf tegen over de aantallen"
municipality,PASARÓN DE LA VERA,ES-EX,zar_zone,,VERA-TIETAR,,ind,"machinetranscriptie van Anexo I van Decreto 260/2014, NIET nagelopen tegen het origineel; de transcriptie sprak zichzelf tegen over de aantallen"
municipality,PEDROSO DE ACIM,ES-EX,zar,1,,ja/nee,ind,"machinetranscriptie van Anexo I van Decreto 260/2014, NIET nagelopen tegen het origineel; de transcriptie sprak zichzelf tegen over de aantallen"
municipality,PEDROSO DE ACIM,ES-EX,zar_zone,,MONFRAGÜE,,ind,"machinetranscriptie van Anexo I van Decreto 260/2014, NIET nagelopen tegen het origineel; de transcriptie sprak zichzelf tegen over de aantallen"
municipality,PEÑALSORDO,ES-EX,zar,1,,ja/nee,ind,"machinetranscriptie van Anexo I van Decreto 260/2014, NIET nagelopen tegen het origineel; de transcriptie sprak zichzelf tegen over de aantallen"
municipality,PEÑALSORDO,ES-EX,zar_zone,,SIERRAS DE SIRUELA-ZARZA CAPILLA,,ind,"machinetranscriptie van Anexo I van Decreto 260/2014, NIET nagelopen tegen het origineel; de transcriptie sprak zichzelf tegen over de aantallen"
municipality,PERALEDA DE SAN ROMÁN,ES-EX,zar,1,,ja/nee,ind,"machinetranscriptie van Anexo I van Decreto 260/2014, NIET nagelopen tegen het origineel; de transcriptie sprak zichzelf tegen over de aantallen"
municipality,PERALEDA DE SAN ROMÁN,ES-EX,zar_zone,,IBORES,,ind,"machinetranscriptie van Anexo I van Decreto 260/2014, NIET nagelopen tegen het origineel; de transcriptie sprak zichzelf tegen over de aantallen"
municipality,PERALEDA DEL ZAUCEJO,ES-EX,zar,1,,ja/nee,ind,"machinetranscriptie van Anexo I van Decreto 260/2014, NIET nagelopen tegen het origineel; de transcriptie sprak zichzelf tegen over de aantallen"
municipality,PERALEDA DEL ZAUCEJO,ES-EX,zar_zone,,SIERRAS CENTRALES DE BADAJOZ,,ind,"machinetranscriptie van Anexo I van Decreto 260/2014, NIET nagelopen tegen het origineel; de transcriptie sprak zichzelf tegen over de aantallen"
municipality,PERALES DEL PUERTO,ES-EX,zar,1,,ja/nee,ind,"machinetranscriptie van Anexo I van Decreto 260/2014, NIET nagelopen tegen het origineel; de transcriptie sprak zichzelf tegen over de aantallen"
municipality,PERALES DEL PUERTO,ES-EX,zar_zone,,SIERRA DE GATA,,ind,"machinetranscriptie van Anexo I van Decreto 260/2014, NIET nagelopen tegen het origineel; de transcriptie sprak zichzelf tegen over de aantallen"
municipality,PINOFRANQUEADO,ES-EX,zar,1,,ja/nee,ind,"machinetranscriptie van Anexo I van Decreto 260/2014, NIET nagelopen tegen het origineel; de transcriptie sprak zichzelf tegen over de aantallen"
municipality,PINOFRANQUEADO,ES-EX,zar_zone,,HURDES,,ind,"machinetranscriptie van Anexo I van Decreto 260/2014, NIET nagelopen tegen het origineel; de transcriptie sprak zichzelf tegen over de aantallen"
municipality,PIORNAL,ES-EX,zar,1,,ja/nee,ind,"machinetranscriptie van Anexo I van Decreto 260/2014, NIET nagelopen tegen het origineel; de transcriptie sprak zichzelf tegen over de aantallen"
municipality,PIORNAL,ES-EX,zar_zone,,JERTE-AMBROZ + VERA-TIETAR,,ind,"machinetranscriptie van Anexo I van Decreto 260/2014, NIET nagelopen tegen het origineel; de transcriptie sprak zichzelf tegen over de aantallen"
municipality,PLASENCIA,ES-EX,zar,1,,ja/nee,ind,"machinetranscriptie van Anexo I van Decreto 260/2014, NIET nagelopen tegen het origineel; de transcriptie sprak zichzelf tegen over de aantallen"
municipality,PLASENCIA,ES-EX,zar_zone,,JERTE-AMBROZ,,ind,"machinetranscriptie van Anexo I van Decreto 260/2014, NIET nagelopen tegen het origineel; de transcriptie sprak zichzelf tegen over de aantallen"
municipality,PORTEZUELO,ES-EX,zar,1,,ja/nee,ind,"machinetranscriptie van Anexo I van Decreto 260/2014, NIET nagelopen tegen het origineel; de transcriptie sprak zichzelf tegen over de aantallen"
municipality,PORTEZUELO,ES-EX,zar_zone,,MONFRAGÜE,,ind,"machinetranscriptie van Anexo I van Decreto 260/2014, NIET nagelopen tegen het origineel; de transcriptie sprak zichzelf tegen over de aantallen"
municipality,POZUELO DE ZARZÓN,ES-EX,zar,1,,ja/nee,ind,"machinetranscriptie van Anexo I van Decreto 260/2014, NIET nagelopen tegen het origineel; de transcriptie sprak zichzelf tegen over de aantallen"
municipality,POZUELO DE ZARZÓN,ES-EX,zar_zone,,SIERRA DE GATA,,ind,"machinetranscriptie van Anexo I van Decreto 260/2014, NIET nagelopen tegen het origineel; de transcriptie sprak zichzelf tegen over de aantallen"
municipality,PUEBLA DE ALCOCER,ES-EX,zar,1,,ja/nee,ind,"machinetranscriptie van Anexo I van Decreto 260/2014, NIET nagelopen tegen het origineel; de transcriptie sprak zichzelf tegen over de aantallen"
municipality,PUEBLA DE ALCOCER,ES-EX,zar_zone,,SIBERIA,,ind,"machinetranscriptie van Anexo I van Decreto 260/2014, NIET nagelopen tegen het origineel; de transcriptie sprak zichzelf tegen over de aantallen"
municipality,PUEBLA DE LA REINA,ES-EX,zar,1,,ja/nee,ind,"machinetranscriptie van Anexo I van Decreto 260/2014, NIET nagelopen tegen het origineel; de transcriptie sprak zichzelf tegen over de aantallen"
municipality,PUEBLA DE LA REINA,ES-EX,zar_zone,,SIERRAS CENTRALES DE BADAJOZ,,ind,"machinetranscriptie van Anexo I van Decreto 260/2014, NIET nagelopen tegen het origineel; de transcriptie sprak zichzelf tegen over de aantallen"
municipality,PUEBLA DE OBANDO,ES-EX,zar,1,,ja/nee,ind,"machinetranscriptie van Anexo I van Decreto 260/2014, NIET nagelopen tegen het origineel; de transcriptie sprak zichzelf tegen over de aantallen"
municipality,PUEBLA DE OBANDO,ES-EX,zar_zone,,SIERRA DE SAN PEDRO,,ind,"machinetranscriptie van Anexo I van Decreto 260/2014, NIET nagelopen tegen het origineel; de transcriptie sprak zichzelf tegen over de aantallen"
municipality,PUEBLA DEL MAESTRE,ES-EX,zar,1,,ja/nee,ind,"machinetranscriptie van Anexo I van Decreto 260/2014, NIET nagelopen tegen het origineel; de transcriptie sprak zichzelf tegen over de aantallen"
municipality,PUEBLA DEL MAESTRE,ES-EX,zar_zone,,TENTUDÍA,,ind,"machinetranscriptie van Anexo I van Decreto 260/2014, NIET nagelopen tegen het origineel; de transcriptie sprak zichzelf tegen over de aantallen"
municipality,PUERTO DE SANTA CRUZ,ES-EX,zar,1,,ja/nee,ind,"machinetranscriptie van Anexo I van Decreto 260/2014, NIET nagelopen tegen het origineel; de transcriptie sprak zichzelf tegen over de aantallen"
municipality,PUERTO DE SANTA CRUZ,ES-EX,zar_zone,,MONTÁNCHEZ,,ind,"machinetranscriptie van Anexo I van Decreto 260/2014, NIET nagelopen tegen het origineel; de transcriptie sprak zichzelf tegen over de aantallen"
municipality,QUINTANA DE LA SERENA,ES-EX,zar,1,,ja/nee,ind,"machinetranscriptie van Anexo I van Decreto 260/2014, NIET nagelopen tegen het origineel; de transcriptie sprak zichzelf tegen over de aantallen"
municipality,QUINTANA DE LA SERENA,ES-EX,zar_zone,,SIERRAS CENTRALES DE BADAJOZ,,ind,"machinetranscriptie van Anexo I van Decreto 260/2014, NIET nagelopen tegen het origineel; de transcriptie sprak zichzelf tegen over de aantallen"
municipality,REBOLLAR,ES-EX,zar,1,,ja/nee,ind,"machinetranscriptie van Anexo I van Decreto 260/2014, NIET nagelopen tegen het origineel; de transcriptie sprak zichzelf tegen over de aantallen"
municipality,REBOLLAR,ES-EX,zar_zone,,JERTE-AMBROZ,,ind,"machinetranscriptie van Anexo I van Decreto 260/2014, NIET nagelopen tegen het origineel; de transcriptie sprak zichzelf tegen over de aantallen"
municipality,REINA,ES-EX,zar,1,,ja/nee,ind,"machinetranscriptie van Anexo I van Decreto 260/2014, NIET nagelopen tegen het origineel; de transcriptie sprak zichzelf tegen over de aantallen"
municipality,REINA,ES-EX,zar_zone,,TENTUDÍA,,ind,"machinetranscriptie van Anexo I van Decreto 260/2014, NIET nagelopen tegen het origineel; de transcriptie sprak zichzelf tegen over de aantallen"
municipality,RETAMAL DE LLERENA,ES-EX,zar,1,,ja/nee,ind,"machinetranscriptie van Anexo I van Decreto 260/2014, NIET nagelopen tegen het origineel; de transcriptie sprak zichzelf tegen over de aantallen"
municipality,RETAMAL DE LLERENA,ES-EX,zar_zone,,SIERRAS CENTRALES DE BADAJOZ,,ind,"machinetranscriptie van Anexo I van Decreto 260/2014, NIET nagelopen tegen het origineel; de transcriptie sprak zichzelf tegen over de aantallen"
municipality,RISCO,ES-EX,zar,1,,ja/nee,ind,"machinetranscriptie van Anexo I van Decreto 260/2014, NIET nagelopen tegen het origineel; de transcriptie sprak zichzelf tegen over de aantallen"
municipality,RISCO,ES-EX,zar_zone,,SIERRAS DE SIRUELA-ZARZA CAPILLA,,ind,"machinetranscriptie van Anexo I van Decreto 260/2014, NIET nagelopen tegen het origineel; de transcriptie sprak zichzelf tegen over de aantallen"
municipality,ROBLEDILLO DE GATA,ES-EX,zar,1,,ja/nee,ind,"machinetranscriptie van Anexo I van Decreto 260/2014, NIET nagelopen tegen het origineel; de transcriptie sprak zichzelf tegen over de aantallen"
municipality,ROBLEDILLO DE GATA,ES-EX,zar_zone,,SIERRA DE GATA,,ind,"machinetranscriptie van Anexo I van Decreto 260/2014, NIET nagelopen tegen het origineel; de transcriptie sprak zichzelf tegen over de aantallen"
municipality,ROBLEDILLO DE LA VERA,ES-EX,zar,1,,ja/nee,ind,"machinetranscriptie van Anexo I van Decreto 260/2014, NIET nagelopen tegen het origineel; de transcriptie sprak zichzelf tegen over de aantallen"
municipality,ROBLEDILLO DE LA VERA,ES-EX,zar_zone,,VERA-TIETAR,,ind,"machinetranscriptie van Anexo I van Decreto 260/2014, NIET nagelopen tegen het origineel; de transcriptie sprak zichzelf tegen over de aantallen"
municipality,ROBLEDILLO DE TRUJILLO,ES-EX,zar,1,,ja/nee,ind,"machinetranscriptie van Anexo I van Decreto 260/2014, NIET nagelopen tegen het origineel; de transcriptie sprak zichzelf tegen over de aantallen"
municipality,ROBLEDILLO DE TRUJILLO,ES-EX,zar_zone,,MONTÁNCHEZ,,ind,"machinetranscriptie van Anexo I van Decreto 260/2014, NIET nagelopen tegen het origineel; de transcriptie sprak zichzelf tegen over de aantallen"
municipality,ROBLEDOLLANO,ES-EX,zar,1,,ja/nee,ind,"machinetranscriptie van Anexo I van Decreto 260/2014, NIET nagelopen tegen het origineel; de transcriptie sprak zichzelf tegen over de aantallen"
municipality,ROBLEDOLLANO,ES-EX,zar_zone,,IBORES,,ind,"machinetranscriptie van Anexo I van Decreto 260/2014, NIET nagelopen tegen het origineel; de transcriptie sprak zichzelf tegen over de aantallen"
municipality,ROMANGORDO,ES-EX,zar,1,,ja/nee,ind,"machinetranscriptie van Anexo I van Decreto 260/2014, NIET nagelopen tegen het origineel; de transcriptie sprak zichzelf tegen over de aantallen"
municipality,ROMANGORDO,ES-EX,zar_zone,,IBORES,,ind,"machinetranscriptie van Anexo I van Decreto 260/2014, NIET nagelopen tegen het origineel; de transcriptie sprak zichzelf tegen over de aantallen"
municipality,SALORINO,ES-EX,zar,1,,ja/nee,ind,"machinetranscriptie van Anexo I van Decreto 260/2014, NIET nagelopen tegen het origineel; de transcriptie sprak zichzelf tegen over de aantallen"
municipality,SALORINO,ES-EX,zar_zone,,SIERRA DE SAN PEDRO,,ind,"machinetranscriptie van Anexo I van Decreto 260/2014, NIET nagelopen tegen het origineel; de transcriptie sprak zichzelf tegen over de aantallen"
municipality,SAN MARTÍN DE TREVEJO,ES-EX,zar,1,,ja/nee,ind,"machinetranscriptie van Anexo I van Decreto 260/2014, NIET nagelopen tegen het origineel; de transcriptie sprak zichzelf tegen over de aantallen"
municipality,SAN MARTÍN DE TREVEJO,ES-EX,zar_zone,,SIERRA DE GATA,,ind,"machinetranscriptie van Anexo I van Decreto 260/2014, NIET nagelopen tegen het origineel; de transcriptie sprak zichzelf tegen over de aantallen"
municipality,SAN PEDRO DE MERIDA,ES-EX,zar,1,,ja/nee,ind,"machinetranscriptie van Anexo I van Decreto 260/2014, NIET nagelopen tegen het origineel; de transcriptie sprak zichzelf tegen over de aantallen"
municipality,SAN PEDRO DE MERIDA,ES-EX,zar_zone,,SIERRA DE SAN PEDRO,,ind,"machinetranscriptie van Anexo I van Decreto 260/2014, NIET nagelopen tegen het origineel; de transcriptie sprak zichzelf tegen over de aantallen"
municipality,SAN VICENTE DE ALCÁNTARA,ES-EX,zar,1,,ja/nee,ind,"machinetranscriptie van Anexo I van Decreto 260/2014, NIET nagelopen tegen het origineel; de transcriptie sprak zichzelf tegen over de aantallen"
municipality,SAN VICENTE DE ALCÁNTARA,ES-EX,zar_zone,,SIERRA DE SAN PEDRO + VALENCIA DE ALCÁNTARA,,ind,"machinetranscriptie van Anexo I van Decreto 260/2014, NIET nagelopen tegen het origineel; de transcriptie sprak zichzelf tegen over de aantallen"
municipality,SANTA CRUZ DE LA SIERRA,ES-EX,zar,1,,ja/nee,ind,"machinetranscriptie van Anexo I van Decreto 260/2014, NIET nagelopen tegen het origineel; de transcriptie sprak zichzelf tegen over de aantallen"
municipality,SANTA CRUZ DE LA SIERRA,ES-EX,zar_zone,,MONTÁNCHEZ,,ind,"machinetranscriptie van Anexo I van Decreto 260/2014, NIET nagelopen tegen het origineel; de transcriptie sprak zichzelf tegen over de aantallen"
municipality,SANTA CRUZ DE PANIAGUA,ES-EX,zar,1,,ja/nee,ind,"machinetranscriptie van Anexo I van Decreto 260/2014, NIET nagelopen tegen het origineel; de transcriptie sprak zichzelf tegen over de aantallen"
municipality,SANTA CRUZ DE PANIAGUA,ES-EX,zar_zone,,SIERRA DE GATA,,ind,"machinetranscriptie van Anexo I van Decreto 260/2014, NIET nagelopen tegen het origineel; de transcriptie sprak zichzelf tegen over de aantallen"
municipality,SANTIAGO DE ALCÁNTARA,ES-EX,zar,1,,ja/nee,ind,"machinetranscriptie van Anexo I van Decreto 260/2014, NIET nagelopen tegen het origineel; de transcriptie sprak zichzelf tegen over de aantallen"
municipality,SANTIAGO DE ALCÁNTARA,ES-EX,zar_zone,,VALENCIA DE ALCÁNTARA,,ind,"machinetranscriptie van Anexo I van Decreto 260/2014, NIET nagelopen tegen het origineel; de transcriptie sprak zichzelf tegen over de aantallen"
municipality,SANTIBÁÑEZ EL ALTO,ES-EX,zar,1,,ja/nee,ind,"machinetranscriptie van Anexo I van Decreto 260/2014, NIET nagelopen tegen het origineel; de transcriptie sprak zichzelf tegen over de aantallen"
municipality,SANTIBÁÑEZ EL ALTO,ES-EX,zar_zone,,SIERRA DE GATA,,ind,"machinetranscriptie van Anexo I van Decreto 260/2014, NIET nagelopen tegen het origineel; de transcriptie sprak zichzelf tegen over de aantallen"
municipality,SEGURA DE LEON,ES-EX,zar,1,,ja/nee,ind,"machinetranscriptie van Anexo I van Decreto 260/2014, NIET nagelopen tegen het origineel; de transcriptie sprak zichzelf tegen over de aantallen"
municipality,SEGURA DE LEON,ES-EX,zar_zone,,TENTUDÍA,,ind,"machinetranscriptie van Anexo I van Decreto 260/2014, NIET nagelopen tegen het origineel; de transcriptie sprak zichzelf tegen over de aantallen"
municipality,SEGURA DE TORO,ES-EX,zar,1,,ja/nee,ind,"machinetranscriptie van Anexo I van Decreto 260/2014, NIET nagelopen tegen het origineel; de transcriptie sprak zichzelf tegen over de aantallen"
municipality,SEGURA DE TORO,ES-EX,zar_zone,,JERTE-AMBROZ,,ind,"machinetranscriptie van Anexo I van Decreto 260/2014, NIET nagelopen tegen het origineel; de transcriptie sprak zichzelf tegen over de aantallen"
municipality,SERRADILLA,ES-EX,zar,1,,ja/nee,ind,"machinetranscriptie van Anexo I van Decreto 260/2014, NIET nagelopen tegen het origineel; de transcriptie sprak zichzelf tegen over de aantallen"
municipality,SERRADILLA,ES-EX,zar_zone,,MONFRAGÜE,,ind,"machinetranscriptie van Anexo I van Decreto 260/2014, NIET nagelopen tegen het origineel; de transcriptie sprak zichzelf tegen over de aantallen"
municipality,SERREJÓN,ES-EX,zar,1,,ja/nee,ind,"machinetranscriptie van Anexo I van Decreto 260/2014, NIET nagelopen tegen het origineel; de transcriptie sprak zichzelf tegen over de aantallen"
municipality,SERREJÓN,ES-EX,zar_zone,,MONFRAGÜE,,ind,"machinetranscriptie van Anexo I van Decreto 260/2014, NIET nagelopen tegen het origineel; de transcriptie sprak zichzelf tegen over de aantallen"
municipality,SIRUELA,ES-EX,zar,1,,ja/nee,ind,"machinetranscriptie van Anexo I van Decreto 260/2014, NIET nagelopen tegen het origineel; de transcriptie sprak zichzelf tegen over de aantallen"
municipality,SIRUELA,ES-EX,zar_zone,,SIERRAS DE SIRUELA-ZARZA CAPILLA,,ind,"machinetranscriptie van Anexo I van Decreto 260/2014, NIET nagelopen tegen het origineel; de transcriptie sprak zichzelf tegen over de aantallen"
municipality,TALARRUBIAS,ES-EX,zar,1,,ja/nee,ind,"machinetranscriptie van Anexo I van Decreto 260/2014, NIET nagelopen tegen het origineel; de transcriptie sprak zichzelf tegen over de aantallen"
municipality,TALARRUBIAS,ES-EX,zar_zone,,SIBERIA,,ind,"machinetranscriptie van Anexo I van Decreto 260/2014, NIET nagelopen tegen het origineel; de transcriptie sprak zichzelf tegen over de aantallen"
municipality,TALAVERUELA DE LA VERA,ES-EX,zar,1,,ja/nee,ind,"machinetranscriptie van Anexo I van Decreto 260/2014, NIET nagelopen tegen het origineel; de transcriptie sprak zichzelf tegen over de aantallen"
municipality,TALAVERUELA DE LA VERA,ES-EX,zar_zone,,VERA-TIETAR,,ind,"machinetranscriptie van Anexo I van Decreto 260/2014, NIET nagelopen tegen het origineel; de transcriptie sprak zichzelf tegen over de aantallen"
municipality,TALAYUELA,ES-EX,zar,1,,ja/nee,ind,"machinetranscriptie van Anexo I van Decreto 260/2014, NIET nagelopen tegen het origineel; de transcriptie sprak zichzelf tegen over de aantallen"
municipality,TALAYUELA,ES-EX,zar_zone,,VERA-TIETAR,,ind,"machinetranscriptie van Anexo I van Decreto 260/2014, NIET nagelopen tegen het origineel; de transcriptie sprak zichzelf tegen over de aantallen"
municipality,TORIL,ES-EX,zar,1,,ja/nee,ind,"machinetranscriptie van Anexo I van Decreto 260/2014, NIET nagelopen tegen het origineel; de transcriptie sprak zichzelf tegen over de aantallen"
municipality,TORIL,ES-EX,zar_zone,,MONFRAGÜE,,ind,"machinetranscriptie van Anexo I van Decreto 260/2014, NIET nagelopen tegen het origineel; de transcriptie sprak zichzelf tegen over de aantallen"
municipality,TORNAVACAS,ES-EX,zar,1,,ja/nee,ind,"machinetranscriptie van Anexo I van Decreto 260/2014, NIET nagelopen tegen het origineel; de transcriptie sprak zichzelf tegen over de aantallen"
municipality,TORNAVACAS,ES-EX,zar_zone,,JERTE-AMBROZ,,ind,"machinetranscriptie van Anexo I van Decreto 260/2014, NIET nagelopen tegen het origineel; de transcriptie sprak zichzelf tegen over de aantallen"
municipality,TORRE DE DON MIGUEL,ES-EX,zar,1,,ja/nee,ind,"machinetranscriptie van Anexo I van Decreto 260/2014, NIET nagelopen tegen het origineel; de transcriptie sprak zichzelf tegen over de aantallen"
municipality,TORRE DE DON MIGUEL,ES-EX,zar_zone,,SIERRA DE GATA,,ind,"machinetranscriptie van Anexo I van Decreto 260/2014, NIET nagelopen tegen het origineel; de transcriptie sprak zichzelf tegen over de aantallen"
municipality,TORRE DE SANTA MARÍA,ES-EX,zar,1,,ja/nee,ind,"machinetranscriptie van Anexo I van Decreto 260/2014, NIET nagelopen tegen het origineel; de transcriptie sprak zichzelf tegen over de aantallen"
municipality,TORRE DE SANTA MARÍA,ES-EX,zar_zone,,MONTÁNCHEZ,,ind,"machinetranscriptie van Anexo I van Decreto 260/2014, NIET nagelopen tegen het origineel; de transcriptie sprak zichzelf tegen over de aantallen"
municipality,TORRECILLA DE LOS ÁNGELES,ES-EX,zar,1,,ja/nee,ind,"machinetranscriptie van Anexo I van Decreto 260/2014, NIET nagelopen tegen het origineel; de transcriptie sprak zichzelf tegen over de aantallen"
municipality,TORRECILLA DE LOS ÁNGELES,ES-EX,zar_zone,,SIERRA DE GATA,,ind,"machinetranscriptie van Anexo I van Decreto 260/2014, NIET nagelopen tegen het origineel; de transcriptie sprak zichzelf tegen over de aantallen"
municipality,TORREJÓN EL RUBIO,ES-EX,zar,1,,ja/nee,ind,"machinetranscriptie van Anexo I van Decreto 260/2014, NIET nagelopen tegen het origineel; de transcriptie sprak zichzelf tegen over de aantallen"
municipality,TORREJÓN EL RUBIO,ES-EX,zar_zone,,MONFRAGÜE,,ind,"machinetranscriptie van Anexo I van Decreto 260/2014, NIET nagelopen tegen het origineel; de transcriptie sprak zichzelf tegen over de aantallen"
municipality,TORREMENGA,ES-EX,zar,1,,ja/nee,ind,"machinetranscriptie van Anexo I van Decreto 260/2014, NIET nagelopen tegen het origineel; de transcriptie sprak zichzelf tegen over de aantallen"
municipality,TORREMENGA,ES-EX,zar_zone,,VERA-TIETAR,,ind,"machinetranscriptie van Anexo I van Decreto 260/2014, NIET nagelopen tegen het origineel; de transcriptie sprak zichzelf tegen over de aantallen"
municipality,TRASIERRA,ES-EX,zar,1,,ja/nee,ind,"machinetranscriptie van Anexo I van Decreto 260/2014, NIET nagelopen tegen het origineel; de transcriptie sprak zichzelf tegen over de aantallen"
municipality,TRASIERRA,ES-EX,zar_zone,,TENTUDÍA,,ind,"machinetranscriptie van Anexo I van Decreto 260/2014, NIET nagelopen tegen het origineel; de transcriptie sprak zichzelf tegen over de aantallen"
municipality,VALDASTILLAS,ES-EX,zar,1,,ja/nee,ind,"machinetranscriptie van Anexo I van Decreto 260/2014, NIET nagelopen tegen het origineel; de transcriptie sprak zichzelf tegen over de aantallen"
municipality,VALDASTILLAS,ES-EX,zar_zone,,JERTE-AMBROZ,,ind,"machinetranscriptie van Anexo I van Decreto 260/2014, NIET nagelopen tegen het origineel; de transcriptie sprak zichzelf tegen over de aantallen"
municipality,VALDECABALLEROS,ES-EX,zar,1,,ja/nee,ind,"machinetranscriptie van Anexo I van Decreto 260/2014, NIET nagelopen tegen het origineel; de transcriptie sprak zichzelf tegen over de aantallen"
municipality,VALDECABALLEROS,ES-EX,zar_zone,,SIBERIA,,ind,"machinetranscriptie van Anexo I van Decreto 260/2014, NIET nagelopen tegen het origineel; de transcriptie sprak zichzelf tegen over de aantallen"
municipality,VALDECAÑAS DE TAJO,ES-EX,zar,1,,ja/nee,ind,"machinetranscriptie van Anexo I van Decreto 260/2014, NIET nagelopen tegen het origineel; de transcriptie sprak zichzelf tegen over de aantallen"
municipality,VALDECAÑAS DE TAJO,ES-EX,zar_zone,,IBORES,,ind,"machinetranscriptie van Anexo I van Decreto 260/2014, NIET nagelopen tegen het origineel; de transcriptie sprak zichzelf tegen over de aantallen"
municipality,VALDELACASA DE TAJO,ES-EX,zar,1,,ja/nee,ind,"machinetranscriptie van Anexo I van Decreto 260/2014, NIET nagelopen tegen het origineel; de transcriptie sprak zichzelf tegen over de aantallen"
municipality,VALDELACASA DE TAJO,ES-EX,zar_zone,,IBORES,,ind,"machinetranscriptie van Anexo I van Decreto 260/2014, NIET nagelopen tegen het origineel; de transcriptie sprak zichzelf tegen over de aantallen"
municipality,VALDEMORALES,ES-EX,zar,1,,ja/nee,ind,"machinetranscriptie van Anexo I van Decreto 260/2014, NIET nagelopen tegen het origineel; de transcriptie sprak zichzelf tegen over de aantallen"
municipality,VALDEMORALES,ES-EX,zar_zone,,MONTÁNCHEZ,,ind,"machinetranscriptie van Anexo I van Decreto 260/2014, NIET nagelopen tegen het origineel; de transcriptie sprak zichzelf tegen over de aantallen"
municipality,VALENCIA DE ALCANTARA,ES-EX,zar,1,,ja/nee,ind,"machinetranscriptie van Anexo I van Decreto 260/2014, NIET nagelopen tegen het origineel; de transcriptie sprak zichzelf tegen over de aantallen"
municipality,VALENCIA DE ALCANTARA,ES-EX,zar_zone,,SIERRA DE SAN PEDRO + VALENCIA DE ALCÁNTARA,,ind,"machinetranscriptie van Anexo I van Decreto 260/2014, NIET nagelopen tegen het origineel; de transcriptie sprak zichzelf tegen over de aantallen"
municipality,VALLE DE LA SERENA,ES-EX,zar,1,,ja/nee,ind,"machinetranscriptie van Anexo I van Decreto 260/2014, NIET nagelopen tegen het origineel; de transcriptie sprak zichzelf tegen over de aantallen"
municipality,VALLE DE LA SERENA,ES-EX,zar_zone,,SIERRAS CENTRALES DE BADAJOZ,,ind,"machinetranscriptie van Anexo I van Decreto 260/2014, NIET nagelopen tegen het origineel; de transcriptie sprak zichzelf tegen over de aantallen"
municipality,VALVERDE DE LA VERA,ES-EX,zar,1,,ja/nee,ind,"machinetranscriptie van Anexo I van Decreto 260/2014, NIET nagelopen tegen het origineel; de transcriptie sprak zichzelf tegen over de aantallen"
municipality,VALVERDE DE LA VERA,ES-EX,zar_zone,,VERA-TIETAR,,ind,"machinetranscriptie van Anexo I van Decreto 260/2014, NIET nagelopen tegen het origineel; de transcriptie sprak zichzelf tegen over de aantallen"
municipality,VALVERDE DEL FRESNO,ES-EX,zar,1,,ja/nee,ind,"machinetranscriptie van Anexo I van Decreto 260/2014, NIET nagelopen tegen het origineel; de transcriptie sprak zichzelf tegen over de aantallen"
municipality,VALVERDE DEL FRESNO,ES-EX,zar_zone,,SIERRA DE GATA,,ind,"machinetranscriptie van Anexo I van Decreto 260/2014, NIET nagelopen tegen het origineel; de transcriptie sprak zichzelf tegen over de aantallen"
municipality,VIANDAR DE LA VERA,ES-EX,zar,1,,ja/nee,ind,"machinetranscriptie van Anexo I van Decreto 260/2014, NIET nagelopen tegen het origineel; de transcriptie sprak zichzelf tegen over de aantallen"
municipality,VIANDAR DE LA VERA,ES-EX,zar_zone,,VERA-TIETAR,,ind,"machinetranscriptie van Anexo I van Decreto 260/2014, NIET nagelopen tegen het origineel; de transcriptie sprak zichzelf tegen over de aantallen"
municipality,VILLA DEL CAMPO,ES-EX,zar,1,,ja/nee,ind,"machinetranscriptie van Anexo I van Decreto 260/2014, NIET nagelopen tegen het origineel; de transcriptie sprak zichzelf tegen over de aantallen"
municipality,VILLA DEL CAMPO,ES-EX,zar_zone,,SIERRA DE GATA,,ind,"machinetranscriptie van Anexo I van Decreto 260/2014, NIET nagelopen tegen het origineel; de transcriptie sprak zichzelf tegen over de aantallen"
municipality,VILLAMIEL,ES-EX,zar,1,,ja/nee,ind,"machinetranscriptie van Anexo I van Decreto 260/2014, NIET nagelopen tegen het origineel; de transcriptie sprak zichzelf tegen over de aantallen"
municipality,VILLAMIEL,ES-EX,zar_zone,,SIERRA DE GATA,,ind,"machinetranscriptie van Anexo I van Decreto 260/2014, NIET nagelopen tegen het origineel; de transcriptie sprak zichzelf tegen over de aantallen"
municipality,VILLANUEVA DE LA SIERRA,ES-EX,zar,1,,ja/nee,ind,"machinetranscriptie van Anexo I van Decreto 260/2014, NIET nagelopen tegen het origineel; de transcriptie sprak zichzelf tegen over de aantallen"
municipality,VILLANUEVA DE LA SIERRA,ES-EX,zar_zone,,SIERRA DE GATA,,ind,"machinetranscriptie van Anexo I van Decreto 260/2014, NIET nagelopen tegen het origineel; de transcriptie sprak zichzelf tegen over de aantallen"
municipality,VILLANUEVA DE LA VERA,ES-EX,zar,1,,ja/nee,ind,"machinetranscriptie van Anexo I van Decreto 260/2014, NIET nagelopen tegen het origineel; de transcriptie sprak zichzelf tegen over de aantallen"
municipality,VILLANUEVA DE LA VERA,ES-EX,zar_zone,,VERA-TIETAR,,ind,"machinetranscriptie van Anexo I van Decreto 260/2014, NIET nagelopen tegen het origineel; de transcriptie sprak zichzelf tegen over de aantallen"
municipality,VILLAR DE PLASENCIA,ES-EX,zar,1,,ja/nee,ind,"machinetranscriptie van Anexo I van Decreto 260/2014, NIET nagelopen tegen het origineel; de transcriptie sprak zichzelf tegen over de aantallen"
municipality,VILLAR DE PLASENCIA,ES-EX,zar_zone,,JERTE-AMBROZ,,ind,"machinetranscriptie van Anexo I van Decreto 260/2014, NIET nagelopen tegen het origineel; de transcriptie sprak zichzelf tegen over de aantallen"
municipality,VILLAR DEL PEDROSO,ES-EX,zar,1,,ja/nee,ind,"machinetranscriptie van Anexo I van Decreto 260/2014, NIET nagelopen tegen het origineel; de transcriptie sprak zichzelf tegen over de aantallen"
municipality,VILLAR DEL PEDROSO,ES-EX,zar_zone,,IBORES,,ind,"machinetranscriptie van Anexo I van Decreto 260/2014, NIET nagelopen tegen het origineel; de transcriptie sprak zichzelf tegen over de aantallen"
municipality,VILLAR DEL REY,ES-EX,zar,1,,ja/nee,ind,"machinetranscriptie van Anexo I van Decreto 260/2014, NIET nagelopen tegen het origineel; de transcriptie sprak zichzelf tegen over de aantallen"
municipality,VILLAR DEL REY,ES-EX,zar_zone,,SIERRA DE SAN PEDRO,,ind,"machinetranscriptie van Anexo I van Decreto 260/2014, NIET nagelopen tegen het origineel; de transcriptie sprak zichzelf tegen over de aantallen"
municipality,VILLARTA DE LOS MONTES,ES-EX,zar,1,,ja/nee,ind,"machinetranscriptie van Anexo I van Decreto 260/2014, NIET nagelopen tegen het origineel; de transcriptie sprak zichzelf tegen over de aantallen"
municipality,VILLARTA DE LOS MONTES,ES-EX,zar_zone,,SIBERIA,,ind,"machinetranscriptie van Anexo I van Decreto 260/2014, NIET nagelopen tegen het origineel; de transcriptie sprak zichzelf tegen over de aantallen"
municipality,VILLASBUENAS DE GATA,ES-EX,zar,1,,ja/nee,ind,"machinetranscriptie van Anexo I van Decreto 260/2014, NIET nagelopen tegen het origineel; de transcriptie sprak zichzelf tegen over de aantallen"
municipality,VILLASBUENAS DE GATA,ES-EX,zar_zone,,SIERRA DE GATA,,ind,"machinetranscriptie van Anexo I van Decreto 260/2014, NIET nagelopen tegen het origineel; de transcriptie sprak zichzelf tegen over de aantallen"
municipality,ZALAMEA DE LA SERENA,ES-EX,zar,1,,ja/nee,ind,"machinetranscriptie van Anexo I van Decreto 260/2014, NIET nagelopen tegen het origineel; de transcriptie sprak zichzelf tegen over de aantallen"
municipality,ZALAMEA DE LA SERENA,ES-EX,zar_zone,,SIERRAS CENTRALES DE BADAJOZ,,ind,"machinetranscriptie van Anexo I van Decreto 260/2014, NIET nagelopen tegen het origineel; de transcriptie sprak zichzelf tegen over de aantallen"
municipality,ZARZA CAPILLA,ES-EX,zar,1,,ja/nee,ind,"machinetranscriptie van Anexo I van Decreto 260/2014, NIET nagelopen tegen het origineel; de transcriptie sprak zichzelf tegen over de aantallen"
municipality,ZARZA CAPILLA,ES-EX,zar_zone,,SIERRAS DE SIRUELA-ZARZA CAPILLA,,ind,"machinetranscriptie van Anexo I van Decreto 260/2014, NIET nagelopen tegen het origineel; de transcriptie sprak zichzelf tegen over de aantallen"
municipality,ZARZA DE GRANADILLA,ES-EX,zar,1,,ja/nee,ind,"machinetranscriptie van Anexo I van Decreto 260/2014, NIET nagelopen tegen het origineel; de transcriptie sprak zichzelf tegen over de aantallen"
municipality,ZARZA DE GRANADILLA,ES-EX,zar_zone,,JERTE-AMBROZ,,ind,"machinetranscriptie van Anexo I van Decreto 260/2014, NIET nagelopen tegen het origineel; de transcriptie sprak zichzelf tegen over de aantallen"
municipality,ZARZA DE MONTÁNCHEZ,ES-EX,zar,1,,ja/nee,ind,"machinetranscriptie van Anexo I van Decreto 260/2014, NIET nagelopen tegen het origineel; de transcriptie sprak zichzelf tegen over de aantallen"
municipality,ZARZA DE MONTÁNCHEZ,ES-EX,zar_zone,,MONTÁNCHEZ,,ind,"machinetranscriptie van Anexo I van Decreto 260/2014, NIET nagelopen tegen het origineel; de transcriptie sprak zichzelf tegen over de aantallen"
municipality,ZARZA LA MAYOR,ES-EX,zar,1,,ja/nee,ind,"machinetranscriptie van Anexo I van Decreto 260/2014, NIET nagelopen tegen het origineel; de transcriptie sprak zichzelf tegen over de aantallen"
municipality,ZARZA LA MAYOR,ES-EX,zar_zone,,SIERRA DE GATA,,ind,"machinetranscriptie van Anexo I van Decreto 260/2014, NIET nagelopen tegen het origineel; de transcriptie sprak zichzelf tegen over de aantallen"
